id,product_tmpl_id:id,name:id,min_qty,product_name,product_code,delay,sequence
scenario.supplierinfo_972,scenario.product_141729,scenario.partner_10425,1,Befestigungsplatte 1x1 Feller 77x77mm,376163000,7,2
scenario.supplierinfo_988,scenario.product_141730,scenario.partner_10425,1,BP KAL,376163003,7,2
scenario.supplierinfo_987,scenario.product_141738,scenario.partner_10425,1,APG KAL/W,283910003,7,2
scenario.supplierinfo_963,scenario.product_142077,scenario.partner_10425,1,"AP Gehäuse Basico ws H54mm Loch Ø43mm, mit Bef. Pl",282 966 103,7,2
scenario.supplierinfo_970,scenario.product_142081,scenario.partner_10425,1,"AP Gehäuse Basico sz H54mm Loch Ø43mm, mit Bef. Pl",282 966 153,7,2
scenario.supplierinfo_1679,scenario.product_142085,scenario.partner_10425,1,AR EDI/BE,334911810,7,2
scenario.supplierinfo_1680,scenario.product_142086,scenario.partner_10425,1,AR EDI/B,334911890,7,2
scenario.supplierinfo_998,scenario.product_142221,scenario.partner_10425,1,"Kappe m.Grundplatte 54mm coffee, EDIZIOdue",283901890,7,2
scenario.supplierinfo_999,scenario.product_142222,scenario.partner_10425,1,"Kappe m.Grundplatte 54mm sand, EDIZIOdue",283901810,7,2
scenario.supplierinfo_1000,scenario.product_142223,scenario.partner_10425,1,"AP-Gehäuse Kallysto brn H54mm, mit Bef.platte",283910993,7,2
scenario.supplierinfo_1001,scenario.product_142224,scenario.partner_10425,1,"AP-Gehäuse Kallysto be H54mm, mit Bef.platte",283910913,7,2
scenario.supplierinfo_1002,scenario.product_142225,scenario.partner_10425,1,"AP-Gehäuse Kallysto anth.H54mm, mit Bef.platte",283910043,7,2
scenario.supplierinfo_1003,scenario.product_142226,scenario.partner_10425,1,AP-Gehäuse Kallysto sz H54mm mit Bef.platte,283910953,7,2
scenario.supplierinfo_1004,scenario.product_142227,scenario.partner_10425,1,"AP-Gehäuse Sidus Gr.I H48mm, 75x75mm alu",283931932,7,2
scenario.supplierinfo_1005,scenario.product_142228,scenario.partner_10425,1,"AP-Gehäuse Sidus Gr.I H48mm, 75x75mm anthrazit",283931042,7,2
scenario.supplierinfo_1006,scenario.product_142229,scenario.partner_10425,1,Abdeckrahmen Sidus 1x1 Alumin. Kunststoff Metallic,334911932,7,2
scenario.supplierinfo_1007,scenario.product_142230,scenario.partner_10425,1,Abdeckrahmen Sidus 1x1 anthrazit 88x88mm,334911042,7,2
scenario.supplierinfo_1008,scenario.product_142231,scenario.partner_10425,1,"AP-Gehäuse Kallysto hgr H54mm, mit Bef.platte",283910033,7,2
scenario.supplierinfo_985,scenario.product_142097,scenario.partner_10425,1,APG SOL/WG,283901101,7,2
scenario.supplierinfo_986,scenario.product_142218,scenario.partner_10425,1,AR SOL/WG,334911101,7,2
scenario.supplierinfo_1015,scenario.product_142234,scenario.partner_10425,1,"Abdeckrahmen 1x1 braun kallysto.line 92x92,vertika",334911098,7,2
scenario.supplierinfo_1016,scenario.product_142235,scenario.partner_10425,1,"Abdeckrahmen 1x1 schwarz kallysto.line 92x92,verti",334 911 058,7,2
scenario.supplierinfo_1017,scenario.product_142236,scenario.partner_10425,1,"Abdeckrahmen 1x1 anthrazit kallysto.line 92x92,ver",334 911 048,7,2
scenario.supplierinfo_1018,scenario.product_142237,scenario.partner_10425,1,"Abdeckrahmen 1x1 hellgrau kallysto.line 92x92,vert",334 911 038,7,2
scenario.supplierinfo_1019,scenario.product_142238,scenario.partner_10425,1,"Abdeckrahmen 1x1 beige kallysto.line 92x92,vertika",334 911 018,7,2
scenario.supplierinfo_1045,scenario.product_142257,scenario.partner_10425,1,Frontdeckel 68mm zu Halox-O Kaiser,920 851 069,7,2
scenario.supplierinfo_1046,scenario.product_142258,scenario.partner_10425,1,EB-Gehäuse Halox-O ø 150mm max50W Kaiser o. Tunnel,920858579,7,2
scenario.supplierinfo_1586,scenario.product_142467,scenario.partner_10425,1,Frontdeckel 75mm zu Halox-O Kaiser,920851079,7,2
scenario.supplierinfo_1661,scenario.product_142548,scenario.partner_10425,1,Frontdeckel 100mm zu Halox-O Kaiser,920851109,7,2
scenario.supplierinfo_1939,scenario.product_142906,scenario.partner_10425,1,"COMPACT-Steckklemme 3L 0,5-2,5 mm² transparent/or.",2273.203,7,2
scenario.supplierinfo_1902,scenario.product_142863,scenario.partner_13650,1,EM powerLED 1W,89899860,7,2
scenario.supplierinfo_1903,scenario.product_142864,scenario.partner_13650,1,Accu - NiMh C 2a,89899755,7,2
scenario.supplierinfo_1766,scenario.product_142845,scenario.partner_13650,1,EMpower LED 2W ST SCREW-FIX,89899861,7,2
scenario.supplierinfo_1767,scenario.product_142846,scenario.partner_13650,1,Accu - NiMh C 3A Stick,89899744,7,2
scenario.supplierinfo_1768,scenario.product_142847,scenario.partner_13650,1,LED EM bi-colour,89899720,7,2
scenario.supplierinfo_1769,scenario.product_142848,scenario.partner_13650,1,ETIKETTE NOTLEUCHTE,86458382,7,2
scenario.supplierinfo_1916,scenario.product_142881,scenario.partner_13698,1,IL1-Montagewinkel für LED Platine rund,F00671F00671,7,2
scenario.supplierinfo_1914,scenario.product_142882,scenario.partner_13698,1,IL1-Durchführungstülle für d 18 / Weiss,94.53201,7,2
scenario.supplierinfo_1915,scenario.product_142883,scenario.partner_13698,1,IL1-Federverschluss kompl. verbaut,77.041003,7,2
scenario.supplierinfo_1917,scenario.product_142884,scenario.partner_13698,1,IL1-Pop Niete d3.2mm IMEX,76.503208,7,2
scenario.supplierinfo_1918,scenario.product_142885,scenario.partner_13698,1,IL1-Halteplättchen zu Federverschluss,77.041002,7,2
scenario.supplierinfo_1919,scenario.product_142886,scenario.partner_13698,1,IL1-Haltebolzen zu Federverschluss L=22mm,77.000001,7,2
scenario.supplierinfo_1920,scenario.product_142887,scenario.partner_13698,1,IL1-Erdzunge,94.115004,7,2
scenario.supplierinfo_1921,scenario.product_142888,scenario.partner_13698,1,IL1-Erdungsverbindung,002063.0150,7,2
scenario.supplierinfo_1922,scenario.product_142889,scenario.partner_13698,1,IL1-Geräteschraube M4 x 6,75.510406,7,2
scenario.supplierinfo_1923,scenario.product_142890,scenario.partner_13698,1,IL1-Einsatz,F00576,7,2
scenario.supplierinfo_1924,scenario.product_142891,scenario.partner_13698,1,IL1-Geräteträger,F00577,7,2
scenario.supplierinfo_1925,scenario.product_142892,scenario.partner_13698,1,"IL1-Sechskantmutter 0,8d M3",76.300003,7,2
scenario.supplierinfo_1926,scenario.product_142893,scenario.partner_13698,1,IL1-Zylinderschraube Selbstschneidend M3 x 5,75.500305,7,2
scenario.supplierinfo_1927,scenario.product_142894,scenario.partner_13698,1,IL1-Zylinderschraube Selbstschneidend M3 x 16,75.500314,7,2
scenario.supplierinfo_1928,scenario.product_142895,scenario.partner_13698,1,IL1-Distanznocken Kunststoff / Höhe 10mm,77.010015,7,2
scenario.supplierinfo_1929,scenario.product_142896,scenario.partner_13698,1,IL1-Kunststoffscheibe,76.870003,7,2
scenario.supplierinfo_1930,scenario.product_142897,scenario.partner_13698,1,IL1-Erdverbindung,001610.0090,7,2
scenario.supplierinfo_1931,scenario.product_142898,scenario.partner_13698,1,IL1-Zylinderschraube Selbstschneidend M3 x 8,75.500308,7,2
scenario.supplierinfo_1932,scenario.product_142899,scenario.partner_13698,1,IL1-Zylinderschraube Selbstschneidend M3 x 8IL1-F,75.322103,7,2
scenario.supplierinfo_1933,scenario.product_142900,scenario.partner_13698,1,IL1-Fächerscheibe M4,75.322104,7,2
scenario.supplierinfo_1934,scenario.product_142901,scenario.partner_13698,1,IL1-Kabelschelle klein,94.500703K,7,2
scenario.supplierinfo_1935,scenario.product_142902,scenario.partner_13698,1,IL1-Kabelschelle gross,94.500704K,7,2
scenario.supplierinfo_1936,scenario.product_142903,scenario.partner_13698,1,IL1-Bolzen,77.019308,7,2
scenario.supplierinfo_1937,scenario.product_142904,scenario.partner_13698,1,IL1-Mantelklemme,77.018415,7,2
scenario.supplierinfo_1938,scenario.product_142905,scenario.partner_13698,1,"IL1-Linsenkopfschraube, Kreuzschlitz, M3x12, verz.",75.500312,7,2
scenario.supplierinfo_1720,scenario.product_142593,scenario.partner_13698,1,"Aufbauleuchte LED mit Notlicht, 2950lm, 3000K",7071.239212.830.3N,7,2
scenario.supplierinfo_1794,scenario.product_142630,scenario.partner_13698,1,"Aufbauleuchte LED, Ø350, Swisslux",K10750.142630,7,2
scenario.supplierinfo_1784,scenario.product_142631,scenario.partner_13698,1,"Aufbauleuchte LED, Ø350, Swisslux",K10750.142631,7,2
scenario.supplierinfo_1797,scenario.product_142634,scenario.partner_13698,1,"Aufbauleuchte LED, Ø350, Swisslux",K10750.142634,7,2
scenario.supplierinfo_1783,scenario.product_142635,scenario.partner_13698,1,"Aufbauleuchte LED, Ø350, Swisslux",K10750.142635,7,2
scenario.supplierinfo_1758,scenario.product_142638,scenario.partner_13698,1,"Aufbauleuchte LED, Ø350, Swisslux",K10750.142638,7,2
scenario.supplierinfo_1759,scenario.product_142639,scenario.partner_13698,1,"Aufbauleuchte LED, Ø350, Swisslux",K10750.142639,7,2
scenario.supplierinfo_1760,scenario.product_142642,scenario.partner_13698,1,"Aufbauleuchte LED, Ø350, Swiss-Lux",K10750.142642,7,2
scenario.supplierinfo_1761,scenario.product_142643,scenario.partner_13698,1,"Aufbauleuchte LED, Ø350, Swisslux",K10750.142643,7,2
scenario.supplierinfo_1786,scenario.product_142736,scenario.partner_13698,1,"Linear-Aufbauleuchte LED, 1200, Swisslux",K10750.142736,7,2
scenario.supplierinfo_1787,scenario.product_142740,scenario.partner_13698,1,"Linear-Aufbauleuchte LED, 1200, Swisslux",K10750.142740,7,2
scenario.supplierinfo_1785,scenario.product_142743,scenario.partner_13698,1,"Linear-Aufbauleuchte LED, 1200, Swisslux",K10750.142743,7,2
scenario.supplierinfo_1790,scenario.product_142744,scenario.partner_13698,1,"Linear-Aufbauleuchte LED, 1200, Swisslux",K10750.142744,7,2
scenario.supplierinfo_1788,scenario.product_142747,scenario.partner_13698,1,"Linear-Aufbauleuchte LED, 1200, Swisslux",K10750.142747,7,2
scenario.supplierinfo_1789,scenario.product_142748,scenario.partner_13698,1,"Linear-Aufbauleuchte LED, 1200, Swisslux",K10750.142748,7,2
scenario.supplierinfo_1762,scenario.product_142712,scenario.partner_13698,1,Einbetoniergehäuse Rund 35cm,K10750.142712,7,2
scenario.supplierinfo_1763,scenario.product_142714,scenario.partner_13698,1,Gehäuse für Einbauleuchte Rund 35cm,K10750.142714,7,2
scenario.supplierinfo_1764,scenario.product_142715,scenario.partner_13698,1,Gehäuse für Halbeinbauleuchte Rund 35cm,K10750.142715,7,2
scenario.supplierinfo_1765,scenario.product_142716,scenario.partner_13698,1,Grundplatte und Pendel für Pendelleuchte Rund 35cm,K10750.142716,7,2
scenario.supplierinfo_1905,scenario.product_142834,scenario.partner_13698,1,Montageplatte  für Aufbauleuchte Lang 120cm Nass,K10750.142834,7,2
scenario.supplierinfo_1779,scenario.product_142835,scenario.partner_13698,1,Einbetoniergehäuse Lang 120cm,K10750.142835,7,2
scenario.supplierinfo_1780,scenario.product_142837,scenario.partner_13698,1,Gehäuse für Einbauleuchte Lang 120cm,K10750.142837,7,2
scenario.supplierinfo_1781,scenario.product_142838,scenario.partner_13698,1,Gehäuse für Halbeinbauleuchte Lang 120cm,K10750.142838,7,2
scenario.supplierinfo_1782,scenario.product_142839,scenario.partner_13698,1,Zubehör für Pendel-Montage Lang 120cm,K10750.142839,7,2
scenario.supplierinfo_1643,scenario.product_142526,scenario.partner_13698,1,"Aufbauleuchte LED, IL1-R35, 2000lm, 3000K",7071.239389.830.3,7,2
scenario.supplierinfo_1644,scenario.product_142527,scenario.partner_13698,1,"Aufbauleuchte LED, IL1-R35M, 2950lm, 3000K",7071.239212.830.3,7,2
scenario.supplierinfo_1645,scenario.product_142528,scenario.partner_13698,1,"Aufbauleuchte LED, IL1-R35PA, 2000lm, 3000K",7071.239212.830.3S,7,2
scenario.supplierinfo_1941,scenario.product_142908,scenario.partner_13698,1,"IL1-Linsenkopfschraube,Kreuzschlitz,M4X10,verz.",75.12041075.120410,7,2
scenario.supplierinfo_1942,scenario.product_142909,scenario.partner_13698,1,IL1-Fächerscheibe für Gewinde M3,76.32210376.322103,7,2
scenario.supplierinfo_1943,scenario.product_142910,scenario.partner_13698,1,IL1-Federverschluss kompl. verbaut,77.04177.041,7,2
scenario.supplierinfo_1944,scenario.product_142911,scenario.partner_13698,1,IL1-Deckenplatte,F00362F00362,7,2
scenario.supplierinfo_1945,scenario.product_142912,scenario.partner_13698,1,IL1-Senkschraube M3x5,75.21030575.210305,7,2
scenario.supplierinfo_1946,scenario.product_142913,scenario.partner_13698,1,IL1-Senkschraube M3x8,75.31030875.310308,7,2
scenario.supplierinfo_1947,scenario.product_142914,scenario.partner_13698,1,IL1-Unterlagscheibe aus Kunststoff,76.87030476.870304,7,2
scenario.supplierinfo_1948,scenario.product_142915,scenario.partner_13698,1,"IL1-Unterlagscheibe, M4, Polyamid",76.87000476.870004,7,2
scenario.supplierinfo_1949,scenario.product_142916,scenario.partner_13698,1,IL1-Kabelhalter mit Kabelbinder,HU 111HU 111,7,2
scenario.supplierinfo_1950,scenario.product_142917,scenario.partner_13698,1,IL1-Erdung 0.5mm2 :=350,002071.0350002071.0350,7,2
scenario.supplierinfo_1951,scenario.product_142918,scenario.partner_13698,1,IL1-Spirale,94.49102594.491025,7,2
scenario.supplierinfo_1952,scenario.product_142919,scenario.partner_13698,1,IL1-Erdbügel,900 A900 A,7,2
scenario.supplierinfo_471,scenario.product_141589,scenario.partner_90000,1,PD9 - BEG 5M EXTENSION CABLE MASTER,92950,105,1
scenario.supplierinfo_472,scenario.product_141590,scenario.partner_90000,1,PD9/M - BEG 5M EXTENSION CABLE SLAVE,92951,105,1
scenario.supplierinfo_473,scenario.product_141591,scenario.partner_90000,1,PD9 - BEG 10M EXTENSION CABLE MASTER,92952,105,1
scenario.supplierinfo_474,scenario.product_141592,scenario.partner_90000,1,PD9 - BEG 10M EXTENSION CABLE SLAVE,92953,105,1
scenario.supplierinfo_475,scenario.product_141593,scenario.partner_90000,1,PD9-FP - BEG - HEAD MASTER,,105,1
scenario.supplierinfo_476,scenario.product_141594,scenario.partner_90000,1,PD9/WH/FP/90/HEAD SLAVE,92961,105,1
scenario.supplierinfo_477,scenario.product_141595,scenario.partner_90000,1,PD9-FP - BEG - HEAD DIM,,105,1
scenario.supplierinfo_482,scenario.product_141597,scenario.partner_90000,1,PD2/M-AP-1C-BEG/SWISS,92550,105,1
scenario.supplierinfo_483,scenario.product_141598,scenario.partner_90000,1,PD2-UP-M-1C-BEG SWISS,92555,105,1
scenario.supplierinfo_484,scenario.product_141599,scenario.partner_90000,1,PD2/M-FP-1C - BEG SWISS,92565,105,1
scenario.supplierinfo_485,scenario.product_141600,scenario.partner_90000,1,LUXOMAT PD2 180 UP 1C BEG RAL9010,92595,105,1
scenario.supplierinfo_486,scenario.product_141601,scenario.partner_90000,1,PD4/M-UP-1C-BEG SWISS 9010,92575,105,1
scenario.supplierinfo_445,scenario.product_141565,scenario.partner_90000,1,L18/BLS-FRAME-SWIS S-9000-N,535992059,105,1
scenario.supplierinfo_446,scenario.product_141566,scenario.partner_90000,1,L18/DGS-FRAME-SWIS S-6500-N,535992049,105,1
scenario.supplierinfo_447,scenario.product_141567,scenario.partner_90000,1,L18/LGS-FRAME-SWIS S-2500-N,535992039,105,1
scenario.supplierinfo_448,scenario.product_141568,scenario.partner_90000,1,"SPECIAL BRACKET FOR MOUNTING AL5 RC-PLUS, WHITE",MET324,105,1
scenario.supplierinfo_449,scenario.product_141569,scenario.partner_90000,1,"SPECIAL BRACKET FOR MOUNTING AL5 RC-PLUS, BLACK",MET323,105,1
scenario.supplierinfo_457,scenario.product_141573,scenario.partner_90000,1,PD2-APG/IP44 SOCKET-BEG,92120,105,1
scenario.supplierinfo_459,scenario.product_141578,scenario.partner_90000,1,DUMMY PD9/FP/W/90 - SWISS,DUM033-S,105,1
scenario.supplierinfo_460,scenario.product_141579,scenario.partner_90000,1,PD2-M/W/360/MASTER-BEG (DUMMY),DUM027-S,105,1
scenario.supplierinfo_461,scenario.product_141580,scenario.partner_90000,1,L18/W/R180/7-POL- SWISS-INDOOR (DUMMY),DUM031,105,1
scenario.supplierinfo_362,scenario.product_141485,scenario.partner_90000,1,L18/W/180 STAIRCASE/ SWISS,92650,105,1
scenario.supplierinfo_363,scenario.product_141486,scenario.partner_90000,1,PD4-UP-1C-BEG (PD3) HCR,92146,105,1
scenario.supplierinfo_385,scenario.product_141487,scenario.partner_90000,1,PD4-2/W/360/M/M8-PD2-MAX-UP-MASTER,92255,105,1
scenario.supplierinfo_384,scenario.product_141488,scenario.partner_90000,1,PD4-2/SL/UP-BEG SWISS,92163,105,1
scenario.supplierinfo_386,scenario.product_141489,scenario.partner_90000,1,PD4-CM/W/360/DUO - BEG,92252,105,1
scenario.supplierinfo_367,scenario.product_141490,scenario.partner_90000,1,PD2-UP/W/180/24V-2RR - BEG,92645,105,1
scenario.supplierinfo_369,scenario.product_141492,scenario.partner_90000,1,PD1/W-AP/IP54 SOCKET BEG,92171,105,1
scenario.supplierinfo_378,scenario.product_141501,scenario.partner_90000,1,L18/PD/SILVER - IP54 KIT BEG,535991015,105,1
scenario.supplierinfo_379,scenario.product_141502,scenario.partner_90000,1,L18/SILVER-AP-DOSE/CE,535992515,105,1
scenario.supplierinfo_381,scenario.product_141504,scenario.partner_90000,1,PD9/WH/DE - BEG MINI SENSOR,92900,105,1
scenario.supplierinfo_382,scenario.product_141505,scenario.partner_90000,1,PD9/WH/FP-DIM - BEG-MINI-SENSOR,92910,105,1
scenario.supplierinfo_387,scenario.product_141507,scenario.partner_90000,1,PD4-CM/W/360/DUO-DIMM - BEG,535931110,105,1
scenario.supplierinfo_394,scenario.product_141518,scenario.partner_90000,1,PD9/WH/SLAVE/FP - BEG MINI,92905,105,1
scenario.supplierinfo_431,scenario.product_141553,scenario.partner_90000,1,PD9/BLS-RING BLACK S-9000-N,PLA1680,105,1
scenario.supplierinfo_432,scenario.product_141554,scenario.partner_90000,1,PD9/DGS-RING DARK GREY S-6500-N,PLA1681,105,1
scenario.supplierinfo_433,scenario.product_141555,scenario.partner_90000,1,PD9/DGS-RING LIGHT GREY S-2500-N,PLA1682,105,1
scenario.supplierinfo_441,scenario.product_141560,scenario.partner_90000,1,PD3-2/W/24V/RR - BEG,92515,105,1
scenario.supplierinfo_488,scenario.product_141602,scenario.partner_90000,1,PD2/CLEAR-BLIND PLASTIC CABINET (SET),PLA 1390,105,1
scenario.supplierinfo_492,scenario.product_141606,scenario.partner_90000,1,PD9/WH/2VR/90/STM8 - BEG MINI,92920,105,1
scenario.supplierinfo_500,scenario.product_141612,scenario.partner_90000,1,L15/W/BUSHING WITH SOFT CENTER,PLA 1324-00,105,1
scenario.supplierinfo_506,scenario.product_141618,scenario.partner_90000,1,L16/W-JUNCTIONBOX-BULK,92005,105,1
scenario.supplierinfo_512,scenario.product_141624,scenario.partner_90000,1,SMALL RC-SUPPRESSOR UNIT-BEG,10882,105,1
scenario.supplierinfo_513,scenario.product_141625,scenario.partner_90000,1,"PD2-AGP/IP44 SOCKET, BLACK",,105,1
scenario.supplierinfo_514,scenario.product_141626,scenario.partner_90000,1,"PD2-AGP/IP44 SOCKET, BLACK",,105,1
scenario.supplierinfo_515,scenario.product_141627,scenario.partner_90000,1,"PD2-AGP/IP44 SOCKET, LIGHT-GREY",,105,1
scenario.supplierinfo_516,scenario.product_141628,scenario.partner_90000,1,PD3N-FP-BL-FRONT COV RING SET    FOR 92187,94003-SWISI-M8,105,1
scenario.supplierinfo_517,scenario.product_141629,scenario.partner_90000,1,PD3N-UP/DG-RING (FOR BLIND),65367,105,1
scenario.supplierinfo_518,scenario.product_141630,scenario.partner_90000,1,PD3N-UP/LG-RING (FOR BLIND),65368,105,1
scenario.supplierinfo_519,scenario.product_141631,scenario.partner_90000,1,PD4N-FP-BL-FRONT LEN+RING SET    FOR 92546,94004-SWISI-M8,105,1
scenario.supplierinfo_522,scenario.product_141634,scenario.partner_90000,1,PD2N-FP-BL-FRONT COV RING SET    FOR 94010,94002-SWISI-M8,105,1
scenario.supplierinfo_523,scenario.product_141635,scenario.partner_90000,1,PD3N-DE/DG-RING (FOR BLIND),65374,105,1
scenario.supplierinfo_524,scenario.product_141636,scenario.partner_90000,1,PD3N-DE/LG-RING (FOR BLIND),65375,105,1
scenario.supplierinfo_552,scenario.product_141649,scenario.partner_90000,1,PD4-DE/W/360/ HCR,92149,105,1
scenario.supplierinfo_538,scenario.product_141650,scenario.partner_90000,1,PD4-M/W/360/MASTER - BEG,94024,105,1
scenario.supplierinfo_539,scenario.product_141651,scenario.partner_90000,1,PD4-M/W/360/DUO-DIMM - BEG,94094,105,1
scenario.supplierinfo_540,scenario.product_141652,scenario.partner_90000,1,PD2 S MAX DE Master 1C/W,94014,105,1
scenario.supplierinfo_541,scenario.product_141653,scenario.partner_90000,1,PD4-M/W/360/SLAVE - BEG,94034,105,1
scenario.supplierinfo_543,scenario.product_141654,scenario.partner_90000,1,PD4-M/W/360/DUO - BEG,535937049,105,1
scenario.supplierinfo_544,scenario.product_141655,scenario.partner_90000,1,L16/W/130 - RC-PLUS 130/W (DUMMY),92183,105,1
scenario.supplierinfo_545,scenario.product_141656,scenario.partner_90000,1,L16/BL/270 - RC-PLUS 270/BL (DUMMY),92230,105,1
scenario.supplierinfo_585,scenario.product_141662,scenario.partner_90000,1,PD3-DE/W/360/ HCR MICRO,92184,105,1
scenario.supplierinfo_1041,scenario.product_141663,scenario.partner_90000,1,PD2-FP-M/DALI/M8-BEG,92258,105,1
scenario.supplierinfo_558,scenario.product_141672,scenario.partner_90000,1,CORNERBOX AL20/WHITE,92425,105,1
scenario.supplierinfo_559,scenario.product_141673,scenario.partner_90000,1,CORNERBOX AL20/BLACK,92418,105,1
scenario.supplierinfo_554,scenario.product_141674,scenario.partner_90000,1,AL20/WH/280/LED-BEG AL20,91705,105,1
scenario.supplierinfo_555,scenario.product_141675,scenario.partner_90000,1,AL20/BL/280/LED-BEG AL20,91725,105,1
scenario.supplierinfo_556,scenario.product_141677,scenario.partner_90000,1,AL20/WH/NM-BEG AL20 E27,91710,105,1
scenario.supplierinfo_557,scenario.product_141678,scenario.partner_90000,1,AL20/BL/NM-BEG AL20 E27,91730,105,1
scenario.supplierinfo_561,scenario.product_141681,scenario.partner_90000,1,L20/BL/130-RC-PLUS NEXT 130,97021,105,1
scenario.supplierinfo_562,scenario.product_141682,scenario.partner_90000,1,L20/BR/130-RC-PLUS NEXT 130,97011,105,1
scenario.supplierinfo_563,scenario.product_141683,scenario.partner_90000,1,L20/W/230-RC+230 PINT ZERO,97002,105,1
scenario.supplierinfo_564,scenario.product_141684,scenario.partner_90000,1,L20/BL/230-RC-PLUS NEXT 230,97022,105,1
scenario.supplierinfo_565,scenario.product_141685,scenario.partner_90000,1,L20/BR/230-RC-PLUS NEXT 230,97012,105,1
scenario.supplierinfo_566,scenario.product_141686,scenario.partner_90000,1,L20/SI/230-RC-PLUS NEXT 230,97042,105,1
scenario.supplierinfo_560,scenario.product_141680,scenario.partner_90000,1,L20/W/130-RC+130 PINT ZERO,97001,105,1
scenario.supplierinfo_567,scenario.product_141687,scenario.partner_90000,1,L20/W/280-RC-PLUS NEXT 280,97003,105,1
scenario.supplierinfo_568,scenario.product_141688,scenario.partner_90000,1,L20/BL/280-RC-PLUS NEXT 280,97023,105,1
scenario.supplierinfo_569,scenario.product_141689,scenario.partner_90000,1,L20/BR/280-RC-PLUS NEXT 280,97013,105,1
scenario.supplierinfo_570,scenario.product_141690,scenario.partner_90000,1,L20/W- CORNER BOX,97004,105,1
scenario.supplierinfo_571,scenario.product_141691,scenario.partner_90000,1,L20/BL- OUTSIDE CORNER BOX,97024,105,1
scenario.supplierinfo_572,scenario.product_141692,scenario.partner_90000,1,L20/BR- OUTSIDE CORNER BOX,97014,105,1
scenario.supplierinfo_573,scenario.product_141693,scenario.partner_90000,1,L20/SI- OUTSIDE CORNER BOX,97043,105,1
scenario.supplierinfo_588,scenario.product_141704,scenario.partner_90000,1,PD3N-UP/W/360-BEG,92187,105,1
scenario.supplierinfo_589,scenario.product_141705,scenario.partner_90000,1,PD3N/W/360/24VAC-DC/RR/CM,92515,105,1
scenario.supplierinfo_590,scenario.product_141706,scenario.partner_90000,1,PD2N 360 UP 1C M8 BEG 9010,94011,105,1
scenario.supplierinfo_591,scenario.product_141707,scenario.partner_90000,1,PD2N 360 UP 2C M8 BEG 9010,94021,105,1
scenario.supplierinfo_592,scenario.product_141708,scenario.partner_90000,1,PD2N-EN/SLA - BEG,94031,105,1
scenario.supplierinfo_594,scenario.product_141710,scenario.partner_90000,1,PD3N-FP/W/360/HCR-BEG,92197,105,1
scenario.supplierinfo_596,scenario.product_141712,scenario.partner_90000,1,PD2N-FP-M-1C-BEG,94010,105,1
scenario.supplierinfo_597,scenario.product_141713,scenario.partner_90000,1,PD2N-FP-M-2C-BEG,94020,105,1
scenario.supplierinfo_598,scenario.product_141714,scenario.partner_90000,1,PD2N-FP-SLA-BEG,94030,105,1
scenario.supplierinfo_603,scenario.product_141719,scenario.partner_90000,1, L18/W/R180/SU-N/SWIS - KOMBI N,92648,105,1
scenario.supplierinfo_604,scenario.product_141720,scenario.partner_90000,1,Indoor 180 N Minuterie,65053,105,1
scenario.supplierinfo_605,scenario.product_141721,scenario.partner_90000,1,PD2 S 180 N Master 1C,65063,105,1
scenario.supplierinfo_610,scenario.product_141726,scenario.partner_90000,1,L18/W/R180/HCR TWO-WIRE SWITCHING UNIT SWISS,535910207,105,1
scenario.supplierinfo_611,scenario.product_141727,scenario.partner_90000,1,L18/WH-ADAPTER-SET EDIZIO,92769,105,1
scenario.supplierinfo_615,scenario.product_141742,scenario.partner_90000,1,L18/BL-ADAPTER-SET EDIZIO,92770,105,1
scenario.supplierinfo_616,scenario.product_141744,scenario.partner_90000,1,L18/DG-ADAPTER-SET EDIZIO,92771,105,1
scenario.supplierinfo_617,scenario.product_141745,scenario.partner_90000,1,L18/LG-ADAPTER-SET EDIZIO,92772,105,1
scenario.supplierinfo_618,scenario.product_141746,scenario.partner_90000,1,L18/BR-ADAPTER-SET EDIZIO,92773,105,1
scenario.supplierinfo_619,scenario.product_141747,scenario.partner_90000,1,L18/BE-ADAPTER-SET EDIZIO,92774,105,1
scenario.supplierinfo_620,scenario.product_141748,scenario.partner_90000,1,L18/WH-ADAPTER-SET KALLYSTO,92775,105,1
scenario.supplierinfo_621,scenario.product_141749,scenario.partner_90000,1,L18/BL-ADAPTER-SET KALLYSTO,92776,105,1
scenario.supplierinfo_622,scenario.product_141750,scenario.partner_90000,1,L18/DG-ADAPTER-SET KALLYSTO,92777,105,1
scenario.supplierinfo_623,scenario.product_141751,scenario.partner_90000,1,L18/LG-ADAPTER-SET KALLYSTO,92778,105,1
scenario.supplierinfo_625,scenario.product_141753,scenario.partner_90000,1,L18/BR-ADAPTER-SET KALLYSTO,92779,105,1
scenario.supplierinfo_626,scenario.product_141754,scenario.partner_90000,1,L18/BE-ADAPTER-SET KALLYSTO,92780,105,1
scenario.supplierinfo_627,scenario.product_141755,scenario.partner_90000,1,L18/WH-ADAPTER-SET SOLFA,92781,105,1
scenario.supplierinfo_628,scenario.product_141756,scenario.partner_90000,1,"L18-ADAPTER-SET SOLFA, WHITE-SHINE",??,105,1
scenario.supplierinfo_629,scenario.product_141758,scenario.partner_90000,1,L18/WH-ADAPTER-SET SIDUS,92782,105,1
scenario.supplierinfo_631,scenario.product_141759,scenario.partner_90000,1,L18/DG-ADAPTER-SET SIDUS,92785,105,1
scenario.supplierinfo_632,scenario.product_141760,scenario.partner_90000,1,L18/SI-ADAPTER-SET SIDUS,92786,105,1
scenario.supplierinfo_634,scenario.product_141762,scenario.partner_90000,1,L18/WH-ADAPTER-SET RETRO,92783,105,1
scenario.supplierinfo_635,scenario.product_141763,scenario.partner_90000,1,L18/BL-ADAPTER-SET RETRO,92784,105,1
scenario.supplierinfo_636,scenario.product_141764,scenario.partner_90000,1,L18/PD2/W - IP54 KIT BEG,92131,105,1
scenario.supplierinfo_637,scenario.product_141765,scenario.partner_90000,1,L18/PD/SILVER - IP54 KIT BEG,92132,105,1
scenario.supplierinfo_638,scenario.product_141766,scenario.partner_90000,1,L18/PD2/BL - IP54 KIT BEG,92133,105,1
scenario.supplierinfo_639,scenario.product_141767,scenario.partner_90000,1,L18/W - AP-DOSE - BEG/SWIS,92635,105,1
scenario.supplierinfo_640,scenario.product_141768,scenario.partner_90000,1,L18/SILVER-AP-DOSE/CE,92637,105,1
scenario.supplierinfo_641,scenario.product_141769,scenario.partner_90000,1,L18/BLACK-AP-DOSE/CE,92639,105,1
scenario.supplierinfo_681,scenario.product_141809,scenario.partner_90000,1,L18/W/R180/SU/SWISS-KOMBI BEG,92685,105,1
scenario.supplierinfo_686,scenario.product_141814,scenario.partner_90000,1,L18/SC/SU/SWISS-BEG,92686,105,1
scenario.supplierinfo_691,scenario.product_141819,scenario.partner_90000,1,L18/W/180/MA/2W/SU/SWIS-BEG,92691,105,1
scenario.supplierinfo_849,scenario.product_141977,scenario.partner_90000,1,PD2-FP/DE COIL SPRING 1.0MM WIRE,MET346-00,105,1
scenario.supplierinfo_856,scenario.product_141980,scenario.partner_90000,1,L20/W- INNER CORNER BOX,97005,105,1
scenario.supplierinfo_857,scenario.product_141981,scenario.partner_90000,1,L20/BL- RC-PLUS NEXT INNER CORNER BOX,97025,105,1
scenario.supplierinfo_858,scenario.product_141982,scenario.partner_90000,1,L20/BR- INSIDE CORNER BOX,535998255,105,1
scenario.supplierinfo_859,scenario.product_141983,scenario.partner_90000,1,L20/SI- INSIDE CORNER BOX,535998285,105,1
scenario.supplierinfo_869,scenario.product_141987,scenario.partner_90000,1,PD3N/WH/UP - COVER FRONT TEXT,PLA2202,105,1
scenario.supplierinfo_870,scenario.product_141988,scenario.partner_90000,1,PD3N-UP/BR-RING (FOR BLIND),65369,105,1
scenario.supplierinfo_871,scenario.product_141989,scenario.partner_90000,1,PD3N-UP/BE-RING (FOR BLIND),65370,105,1
scenario.supplierinfo_872,scenario.product_141990,scenario.partner_90000,1,PD3N-UP/SI-RING (FOR BLIND),65371,105,1
scenario.supplierinfo_880,scenario.product_141998,scenario.partner_90000,1,PD2N/FP/WH COVER FRONT RING,PLA2500,105,1
scenario.supplierinfo_881,scenario.product_141999,scenario.partner_90000,1,PD3N-DE/BE-RING (FOR BLIND),65377,105,1
scenario.supplierinfo_882,scenario.product_142000,scenario.partner_90000,1,PD3N-DE/BE-RING (FOR BLIND),65378,105,1
scenario.supplierinfo_883,scenario.product_142001,scenario.partner_90000,1,PD3N-DE/SI-RING (FOR BLIND),65379,105,1
scenario.supplierinfo_893,scenario.product_142010,scenario.partner_90000,1,PD2N-UP/M/12-48V/RR/HA6S1-BEG,94041,105,1
scenario.supplierinfo_895,scenario.product_142012,scenario.partner_90000,1,"PD2N-UP/M-DALI/DSI-AP, weiss",94061,105,1
scenario.supplierinfo_896,scenario.product_142013,scenario.partner_90000,1,PD2N-UP/W/360/DIM/MASTER - BEG,94051,105,1
scenario.supplierinfo_901,scenario.product_142018,scenario.partner_90000,1,PD4N-M-UP-1C-BEG SWISS 9010,94014,105,1
scenario.supplierinfo_696,scenario.product_141824,scenario.partner_90000,1,L18/M/W-SU-1C-MIC-BEG/SWISS,92687,105,1
scenario.supplierinfo_701,scenario.product_141829,scenario.partner_90000,1,L18/W/180/MA/SU/HA6S1 SWISS-BEG,92689,105,1
scenario.supplierinfo_706,scenario.product_141834,scenario.partner_90000,1,L18/W/180/SLA/SU/SWISS-BEG,92688,105,1
scenario.supplierinfo_711,scenario.product_141839,scenario.partner_90000,1,L18/W/180/MA/24V/2RR/SU/SW-BEG,92690,105,1
scenario.supplierinfo_1607,scenario.product_142021,scenario.partner_90000,1,PD3N-UP/HCR/3VR/MIC-BEG,92526,105,1
scenario.supplierinfo_905,scenario.product_142022,scenario.partner_90000,1,PD3 S 360 NMU,65364,105,1
scenario.supplierinfo_911,scenario.product_142027,scenario.partner_90000,1,PD3 S 360 NME,65365,105,1
scenario.supplierinfo_973,scenario.product_141986,scenario.partner_90000,1,PD9/SI-RING 9006 (FOR BLIND),PLA1714,105,1
scenario.supplierinfo_1648,scenario.product_142029,scenario.partner_90000,1,PD4N-DE-1C-BEG (PD3N) HCR,92548,105,1
scenario.supplierinfo_918,scenario.product_142034,scenario.partner_90000,1,PD4N-CM/W/360/MA/HA6S1-BEG,94024,105,1
scenario.supplierinfo_919,scenario.product_142035,scenario.partner_90000,1,PD4N-2/SL/UP-BEG SWISS,94034,105,1
scenario.supplierinfo_922,scenario.product_142038,scenario.partner_90000,1,PD2 S 360 DE KNX/W,94070,105,1
scenario.supplierinfo_990,scenario.product_142219,scenario.partner_90000,1,L18 IP54 SOCKET METAL PLATE,MET426,105,1
scenario.supplierinfo_1585,scenario.product_142080,scenario.partner_90000,1,PD9/WH/2VR-SWI PINT POWER,92954,105,1
scenario.supplierinfo_995,scenario.product_142220,scenario.partner_90000,1,PD4/CLEAR-BLIND PLASTIC CABINET (SET),32701,105,1
scenario.supplierinfo_1027,scenario.product_142242,scenario.partner_90000,1,"Abdecklamellen für RC-plus next, schwarz",?????,105,1
scenario.supplierinfo_1028,scenario.product_142243,scenario.partner_90000,1,"Abdecklamellen für RC-plus next, silber",?????,105,1
scenario.supplierinfo_1034,scenario.product_142248,scenario.partner_90000,1,"Sockel für LC-plus, weiss",,105,1
scenario.supplierinfo_1059,scenario.product_142249,scenario.partner_90000,1,"PD2-M-DALI/DSI-AP, weiss",92280,105,1
scenario.supplierinfo_1042,scenario.product_142250,scenario.partner_90000,1,PD9-M-DALI/DSI-DE,92980,105,1
scenario.supplierinfo_1069,scenario.product_142321,scenario.partner_90000,1,PD3N-AP/HCR/3VR - BEG,92525,105,1
scenario.supplierinfo_1071,scenario.product_142323,scenario.partner_90000,1,RAIL RC-SUPPRESSOR UNIT-BEG,10883,105,1
scenario.supplierinfo_1009,scenario.product_142232,scenario.partner_90000,1,TERM-FEM. L20/W/BLOCK TERMINAL,SFI017,105,1
scenario.supplierinfo_1010,scenario.product_142233,scenario.partner_90000,1,L20/W-JUNCTIONBOX-BOX ASSY,97006,105,1
scenario.supplierinfo_975,scenario.product_142091,scenario.partner_90000,1,PD9/WH/FP/2VR/90 - BEG MINI,92987,105,1
scenario.supplierinfo_976,scenario.product_142092,scenario.partner_90000,1,PD9/WH/FP/90/1C/PINT-BEG MINI,92904,105,1
scenario.supplierinfo_977,scenario.product_142093,scenario.partner_90000,1,PD9/WH/FP-DIM - BEG-MINI-SENSOR,92910,105,1
scenario.supplierinfo_978,scenario.product_142094,scenario.partner_90000,1,PD9/WH/FP/90/SLA - BEG MINI,92986,105,1
scenario.supplierinfo_915,scenario.product_142031,scenario.partner_90000,1,PD4N-UP-1C-BEG (PD3N) HCR,92546,105,1
scenario.supplierinfo_947,scenario.product_142063,scenario.partner_90000,1,PD2N-KNX-DIM-UP,94071,105,1
scenario.supplierinfo_951,scenario.product_142067,scenario.partner_90000,1,PD2 S MAX DE KNX/W,94074,105,1
scenario.supplierinfo_960,scenario.product_142075,scenario.partner_90000,1,PD2N-FP-M/DALI/M8-BEG,94060,105,1
scenario.supplierinfo_961,scenario.product_142076,scenario.partner_90000,1,PD2 S 360 NME Master 2C,65401,105,1
scenario.supplierinfo_926,scenario.product_142042,scenario.partner_90000,1,PD2 S 360 DE Dimm/W,94050,105,1
scenario.supplierinfo_929,scenario.product_142045,scenario.partner_90000,1,PD2N/M/12-48VAC-DC/RR/DE,94040,105,1
scenario.supplierinfo_932,scenario.product_142048,scenario.partner_90000,1,PD4N-M-DUO-DIM-UP,94094,105,1
scenario.supplierinfo_935,scenario.product_142051,scenario.partner_90000,1,PD4N-CM/W/360/DUO - BEG,94084,105,1
scenario.supplierinfo_936,scenario.product_142052,scenario.partner_90000,1,PD2 S 360 NME Slave,65380,105,1
scenario.supplierinfo_937,scenario.product_142053,scenario.partner_90000,1,PD2 S 360 NME Master 1C,65381,105,1
scenario.supplierinfo_945,scenario.product_142061,scenario.partner_90000,1,PD4N-KNX-DIM-UP,94074,105,1
scenario.supplierinfo_56,scenario.product_141106,scenario.partner_90000,1,M2-130/BR/NVR/CE,92211,105,1
scenario.supplierinfo_59,scenario.product_141107,scenario.partner_90000,1,M2-130/BL/NVR/CE,92221,105,1
scenario.supplierinfo_57,scenario.product_141108,scenario.partner_90000,1,M2-230/BR/NVR/CE,92212,105,1
scenario.supplierinfo_268,scenario.product_141109,scenario.partner_90000,1,M2-270/BR/NVR/CE,92213,105,1
scenario.supplierinfo_60,scenario.product_141110,scenario.partner_90000,1,M2-230/BL/NVR/CE,92222,105,1
scenario.supplierinfo_269,scenario.product_141111,scenario.partner_90000,1,M2-270/BL/NVR/CE,92223,105,1
scenario.supplierinfo_300,scenario.product_141112,scenario.partner_90000,1,M2-230/W/NVR/IMP/CE,92255,105,1
scenario.supplierinfo_50,scenario.product_141100,scenario.partner_90000,1,M2-130/W/NVR/CE,92201,105,1
scenario.supplierinfo_51,scenario.product_141101,scenario.partner_90000,1,M2-230/W/NVR/CE,92202,105,1
scenario.supplierinfo_66,scenario.product_141116,scenario.partner_90000,1,AL2 SLU-s schwarz,RR 601 00 106417,105,1
scenario.supplierinfo_62,scenario.product_141115,scenario.partner_90000,1,AL2-L15/WH/NM/CE,RK 601 00 106400,105,1
scenario.supplierinfo_80,scenario.product_141131,scenario.partner_90000,1,CDS-R-LP-16A-BEG BOX,92365,105,1
scenario.supplierinfo_155,scenario.product_141133,scenario.partner_90000,1,FL/L15-AL5/BL-HWFL02 RC-PLUS,92401,105,1
scenario.supplierinfo_154,scenario.product_141132,scenario.partner_90000,1,FL/L15-AL5/W-HWFL02 RC-PLUS,92400,105,1
scenario.supplierinfo_84,scenario.product_141194,scenario.partner_90000,1,AL2-L15/W/CE,92373,105,1
scenario.supplierinfo_93,scenario.product_141195,scenario.partner_90000,1,AL2-L15/BL/CE,92414,105,1
scenario.supplierinfo_39,scenario.product_141206,scenario.partner_90000,1,MD5-500W-130/WH/CE,91500,105,1
scenario.supplierinfo_40,scenario.product_141207,scenario.partner_90000,1,MD5-500W-130/BL/CE,91501,105,1
scenario.supplierinfo_81,scenario.product_141208,scenario.partner_90000,1,L15/AL5/W/CE,92370,105,1
scenario.supplierinfo_83,scenario.product_141209,scenario.partner_90000,1,L15/AL5/BL/CE,92370,105,1
scenario.supplierinfo_82,scenario.product_141210,scenario.partner_90000,1,L15/AL5/BL/CE,92370,105,1
scenario.supplierinfo_54,scenario.product_141211,scenario.partner_90000,1,"M2-230/W/NVR/CE, 12VDC",92209,105,1
scenario.supplierinfo_55,scenario.product_141212,scenario.partner_90000,1,"M2-230/W/NVR/CE, 24VDC",92210,105,1
scenario.supplierinfo_37,scenario.product_141192,scenario.partner_90000,1,AL1-W/O-BEG AL1-130/6L,91400,105,1
scenario.supplierinfo_38,scenario.product_141193,scenario.partner_90000,1,AL1-1/BR/TR/CE,91401,105,1
scenario.supplierinfo_32,scenario.product_141228,scenario.partner_90000,1,MD4/W//O/130-AL4-130 SWISS  erst mitte Mai bestell,80410,105,1
scenario.supplierinfo_292,scenario.product_141229,scenario.partner_90000,1,AL4-130/BL/OP/CE,80420,105,1
scenario.supplierinfo_2,scenario.product_141230,scenario.partner_90000,1,MD2-130/BL/NVR/CE,10246,105,1
scenario.supplierinfo_1,scenario.product_141231,scenario.partner_90000,1,MD2-130/W/NVR/CE,10245,105,1
scenario.supplierinfo_3,scenario.product_141232,scenario.partner_90000,1,MD2-230/W/NVR/CE,10247,105,1
scenario.supplierinfo_4,scenario.product_141233,scenario.partner_90000,1,MD2-230/BL/NVR/CE,10248,105,1
scenario.supplierinfo_264,scenario.product_141262,scenario.partner_90000,1,AL10/BU/ABS-BEG SP4/3HB GP SMD,93101,105,1
scenario.supplierinfo_43,scenario.product_141266,scenario.partner_90000,1,L16-IRRC - REMOTE CONTROL,92000,105,1
scenario.supplierinfo_143,scenario.product_141267,scenario.partner_90000,1,L16/W/130 - RC-PLUS 130/W (V3.0),92001,105,1
scenario.supplierinfo_144,scenario.product_141268,scenario.partner_90000,1,L16/W/230 - RC-PLUS 230/W (V3.0),92002,105,1
scenario.supplierinfo_145,scenario.product_141269,scenario.partner_90000,1,L16/W/270 - RC-PLUS 270/W (V3.0),92003,105,1
scenario.supplierinfo_47,scenario.product_141270,scenario.partner_90000,1,L16/BL/130 - RC-PLUS 130/BL (V3.0),92021,105,1
scenario.supplierinfo_48,scenario.product_141271,scenario.partner_90000,1,L16/BL/230 - RC-PLUS 230/BL (V3.0),92022,105,1
scenario.supplierinfo_150,scenario.product_141272,scenario.partner_90000,1,L16/BL/270 - RC-PLUS 270/BL (V3.0),92023,105,1
scenario.supplierinfo_109,scenario.product_141274,scenario.partner_90000,1,L16/BR/130 - RC-PLUS 130/BR (V3.0),92011,105,1
scenario.supplierinfo_147,scenario.product_141275,scenario.partner_90000,1,L16/BR/230 - RC-PLUS 230/BR (V3.0),92012,105,1
scenario.supplierinfo_148,scenario.product_141276,scenario.partner_90000,1,L16/BR/270 - RC-PLUS 270/BR (V3.0),92013,105,1
scenario.supplierinfo_257,scenario.product_141263,scenario.partner_90000,1,SAFETYLUX GLOW.,93104,105,1
scenario.supplierinfo_119,scenario.product_141278,scenario.partner_90000,1,L16-IRRC-WALLHANGER,92100,105,1
scenario.supplierinfo_146,scenario.product_141279,scenario.partner_90000,1,L16-Cornerbox white,92004,105,1
scenario.supplierinfo_149,scenario.product_141280,scenario.partner_90000,1,L16-Cornerbox brown,92014,105,1
scenario.supplierinfo_151,scenario.product_141281,scenario.partner_90000,1,L16-Cornerbox black,92024,105,1
scenario.supplierinfo_301,scenario.product_141283,scenario.partner_90000,1,L8/W FRAME SWISS,535940305,105,1
scenario.supplierinfo_125,scenario.product_141284,scenario.partner_90000,1,ALC 120/360 WH,91301,105,1
scenario.supplierinfo_126,scenario.product_141285,scenario.partner_90000,1,MD12/BL/360 - BEG ALC 360 >PC<,91321,105,1
scenario.supplierinfo_127,scenario.product_141286,scenario.partner_90000,1,ALC NM WH,91304,105,1
scenario.supplierinfo_128,scenario.product_141287,scenario.partner_90000,1,ALC NM BL,91324,105,1
scenario.supplierinfo_136,scenario.product_141308,scenario.partner_90000,1,PD2-IRRC - REMOTE CONTROL,92160,105,1
scenario.supplierinfo_137,scenario.product_141309,scenario.partner_90000,1,PD2/W - IP54 SOCKET  BEG,92161,105,1
scenario.supplierinfo_316,scenario.product_141317,scenario.partner_90000,1,RC SUPRESSOR UNIT,10880,105,1
scenario.supplierinfo_168,scenario.product_141318,scenario.partner_90000,1,AL2-L16/WH/130/CE (V3.0),92006,105,1
scenario.supplierinfo_169,scenario.product_141319,scenario.partner_90000,1,AL2-L16/BL/130/CE (V3.0),92026,105,1
scenario.supplierinfo_170,scenario.product_141320,scenario.partner_90000,1,AL-2-L16/RC-PLUS/230/WH/CE (V3.0),92007,105,1
scenario.supplierinfo_175,scenario.product_141324,scenario.partner_90000,1,AL2-L15/WH/NM/CE,92009,105,1
scenario.supplierinfo_176,scenario.product_141325,scenario.partner_90000,1,AL2-L15/BL/NM/CE,92029,105,1
scenario.supplierinfo_183,scenario.product_141326,scenario.partner_90000,1,Bracket MD5/AL5/WHITE Ceiling Mounting,,105,1
scenario.supplierinfo_184,scenario.product_141327,scenario.partner_90000,1,Bracket MD5/AL5/BLACK Ceiling Mounting,,105,1
scenario.supplierinfo_171,scenario.product_141321,scenario.partner_90000,1,AL2-L16/BL/230/CE (V3.0),92027,105,1
scenario.supplierinfo_172,scenario.product_141322,scenario.partner_90000,1,AL-2-L16/RC-PLUS/270/WH/CE (V3.0),92008,105,1
scenario.supplierinfo_173,scenario.product_141323,scenario.partner_90000,1,AL2-L16/BL/270/CE (V3.0),92028,105,1
scenario.supplierinfo_135,scenario.product_141307,scenario.partner_90000,1,PD2/W/360/MA/HA6S1-BEG,92150,105,1
scenario.supplierinfo_247,scenario.product_141383,scenario.partner_90000,1,PD2-2/W/360/MASTER - BEG,92155,105,1
scenario.supplierinfo_248,scenario.product_141384,scenario.partner_90000,1,PD2-EN/SLA - BEG,92156,105,1
scenario.supplierinfo_249,scenario.product_141385,scenario.partner_90000,1,MD12/W-BEG ALC CORNER MOUNT,91305,105,1
scenario.supplierinfo_245,scenario.product_141382,scenario.partner_90000,1,PD2-AP/SLA-BEG,92152,105,1
scenario.supplierinfo_250,scenario.product_141386,scenario.partner_90000,1,MD12/BL-BEG ALC CORNER MOUNT,91325,105,1
scenario.supplierinfo_255,scenario.product_141394,scenario.partner_90000,1,PD3/W/360-BEG HCR,92193,105,1
scenario.supplierinfo_261,scenario.product_141400,scenario.partner_90000,1,PD2-2M/W/360/MA - BEG,92165,105,1
scenario.supplierinfo_262,scenario.product_141401,scenario.partner_90000,1,PD2-2M/W/360/SLAVE-BEG,92166,105,1
scenario.supplierinfo_318,scenario.product_141404,scenario.partner_90000,1,CDS-PS-AP,92364,105,1
scenario.supplierinfo_271,scenario.product_141408,scenario.partner_90000,1,PD1-2-3/W WIREFRAME BASKET,92199,105,1
scenario.supplierinfo_272,scenario.product_141409,scenario.partner_90000,1,L16-IRRC MINI BEG,92090,105,1
scenario.supplierinfo_273,scenario.product_141410,scenario.partner_90000,1,L16-CDS/W - LUXOMAT CDS-T,92367,105,1
scenario.supplierinfo_275,scenario.product_141413,scenario.partner_90000,1,L16-IRPD MINI,92159,105,1
scenario.supplierinfo_285,scenario.product_141424,scenario.partner_90000,1,MD11/W/200/HCR/PC - BEG LC-200,91004,105,1
scenario.supplierinfo_286,scenario.product_141425,scenario.partner_90000,1,MD11/BL/200-BEG LC 200 HCR,91024,105,1
scenario.supplierinfo_287,scenario.product_141426,scenario.partner_90000,1,FLC/WH/500W/200/HCR/PC-BEGFL02,91803,105,1
scenario.supplierinfo_288,scenario.product_141427,scenario.partner_90000,1,FL+MD14/BL/500W/200 HCR,91823,105,1
scenario.supplierinfo_291,scenario.product_141430,scenario.partner_90000,1,FF-Safetylux,93103,105,1
scenario.supplierinfo_293,scenario.product_141431,scenario.partner_90000,1,PD4-AP/W/360 - BEG HCR (PD3),92145,105,1
scenario.supplierinfo_294,scenario.product_141432,scenario.partner_90000,1,L18/W/R180 - INDOOR R180 BEG HCR,535941105,105,1
scenario.supplierinfo_296,scenario.product_141434,scenario.partner_90000,1,L18/PD/W - IP54 KIT BEG,535991005,105,1
scenario.supplierinfo_297,scenario.product_141435,scenario.partner_90000,1,PD2-UP/W/180/SLAVE - BEG,535931505,105,1
scenario.supplierinfo_298,scenario.product_141436,scenario.partner_90000,1,PD2-UP/W/180/MASTER - BEG,535931005,105,1
scenario.supplierinfo_307,scenario.product_141443,scenario.partner_90000,1,PD3 - CM ACCESSORY,92191,105,1
scenario.supplierinfo_312,scenario.product_141448,scenario.partner_90000,1,PD3/W/360/CM-BEG HCR,92187,105,1
scenario.supplierinfo_315,scenario.product_141451,scenario.partner_90000,1,PD2-UP/W/360/DIM/MASTER - BEG,92157,105,1
scenario.supplierinfo_321,scenario.product_141452,scenario.partner_90000,1,PD2-AP/W/360/DIM/MASTER - BEG,92153,105,1
scenario.supplierinfo_322,scenario.product_141453,scenario.partner_90000,1,PD2-DE/W/360/DIM/MASTER - BEG,92167,105,1
scenario.supplierinfo_325,scenario.product_141456,scenario.partner_90000,1,PD5-CLIP-VAR - BEG,535944105,105,1
scenario.supplierinfo_326,scenario.product_141457,scenario.partner_90000,1,PD2/M/24VAC-DC/3A/AP,,105,1
scenario.supplierinfo_329,scenario.product_141458,scenario.partner_90000,1,L18/W/R180/HCR SWISS-INDOOR,92643,105,1
scenario.supplierinfo_330,scenario.product_141459,scenario.partner_90000,1,L18/W-AP-DOSE/CE,535992505,105,1
scenario.supplierinfo_331,scenario.product_141460,scenario.partner_90000,1,PD3-DE/W/360/ HCR,92197,105,1
scenario.supplierinfo_332,scenario.product_141461,scenario.partner_90000,1,PD2/M/24VAC-DC/3A/DE,,105,1
scenario.supplierinfo_337,scenario.product_141462,scenario.partner_90000,1,L16/W/230/433/230VAC - BEG,92060,105,1
scenario.supplierinfo_338,scenario.product_141463,scenario.partner_90000,1,L16/W/230/433/BAT - BEG,92061,105,1
scenario.supplierinfo_339,scenario.product_141464,scenario.partner_90000,1,L16-RX-UP/W/433 - BEG,535959100,105,1
scenario.supplierinfo_340,scenario.product_141465,scenario.partner_90000,1,L16-RX-PI/W/433 - BEG,535956500,105,1
scenario.supplierinfo_341,scenario.product_141466,scenario.partner_90000,1,L16-RX-AP/W/433 - BEG,92803,105,1
scenario.supplierinfo_342,scenario.product_141467,scenario.partner_90000,1,HTX1/W/433/BAT - BEG FLEXI-TAST,535959021,105,1
scenario.supplierinfo_344,scenario.product_141468,scenario.partner_90000,1,PD2-BAT/W/433 - BEG,535951321,105,1
scenario.supplierinfo_345,scenario.product_141469,scenario.partner_90000,1,FL+MD14/W/150W/200/HCR-BEG FLC,91801,105,1
scenario.supplierinfo_346,scenario.product_141470,scenario.partner_90000,1,FL+MD14/BL/150W/200/HCR-BEG FLC,91821,105,1
scenario.supplierinfo_323,scenario.product_141454,scenario.partner_90000,1,PD2-UP/W/180/DIM/MASTER - BEG,,105,1
scenario.supplierinfo_324,scenario.product_141455,scenario.partner_90000,1,LR1 CLIP,535998400,105,1
scenario.supplierinfo_351,scenario.product_141475,scenario.partner_90000,1,PD2-M-2RR_11-24-48V-FP-BEG,92306,105,1
scenario.supplierinfo_352,scenario.product_141476,scenario.partner_90000,1,PD2-24V-2RR-AP-BEG,92305,105,1
scenario.supplierinfo_1656,scenario.product_142544,scenario.partner_90000,1,PD11-FP-M-1C-BEG/SWISS,92583,105,1
scenario.supplierinfo_1657,scenario.product_142545,scenario.partner_90000,1,PD11-FP-SLA-BEG/SWISS,92593,105,1
scenario.supplierinfo_1652,scenario.product_142515,scenario.partner_90000,1,PD2N-FP-LTMS-BEG/SWISS,92119,105,1
scenario.supplierinfo_1650,scenario.product_142492,scenario.partner_90000,1,PICO/WH/FP/SLAVE/IP65 SWISS VERSION,92700,105,1
scenario.supplierinfo_1582,scenario.product_142457,scenario.partner_90000,1,BSK,92467,105,1
scenario.supplierinfo_1594,scenario.product_142472,scenario.partner_90000,1,DUMMY PD2N-FP-M-1C BEG,DUM058,105,1
scenario.supplierinfo_1571,scenario.product_142449,scenario.partner_90000,1,IR-PD Dali Fernbedienungsfolie,99800,105,1
scenario.supplierinfo_1622,scenario.product_142491,scenario.partner_90000,1,PICO-M-1C-SWISS/BEG DIGI-1.8M,92712,105,1
scenario.supplierinfo_1043,scenario.product_142256,scenario.partner_90000,1,SCT 1,92655,105,1
scenario.supplierinfo_1065,scenario.product_142316,scenario.partner_90000,1,PD9-FP - BEG - HEAD KNX,,105,1
scenario.supplierinfo_1089,scenario.product_142337,scenario.partner_90000,1,PD9/WH/SLAVE/FP/M8-1MIN-BEG MINI,92907,105,1
scenario.supplierinfo_1096,scenario.product_142344,scenario.partner_90000,1,PD4N-AP/W/360/M8-BEG (PD3N),92545,105,1
scenario.supplierinfo_1097,scenario.product_142345,scenario.partner_90000,1,PD2N-M-AP-1C-BEG/SWISS,94012,105,1
scenario.supplierinfo_1098,scenario.product_142346,scenario.partner_90000,1,PD2 S 360 AP Master 2C/W,94022,105,1
scenario.supplierinfo_1099,scenario.product_142347,scenario.partner_90000,1,PD2 S 360 AP Slave/W,94032,105,1
scenario.supplierinfo_1100,scenario.product_142348,scenario.partner_90000,1,PD2 S 360 AP 12-48V/W,94041,105,1
scenario.supplierinfo_1101,scenario.product_142349,scenario.partner_90000,1,PD2 S 360 AP Dimm/W,94051,105,1
scenario.supplierinfo_1102,scenario.product_142350,scenario.partner_90000,1,PD2 S 360 AP DALI-DSI/W,94061,105,1
scenario.supplierinfo_1108,scenario.product_142356,scenario.partner_90000,1,PD9-M-DALI/DSI-DE,92980,105,1
scenario.supplierinfo_1111,scenario.product_142359,scenario.partner_90000,1,PD4N-M-UP-1C-KORRIDOR BEG SWISS 9010,?????,105,1
scenario.supplierinfo_1115,scenario.product_142363,scenario.partner_90000,1,PD2 S 360 AP KNX/W,94071,105,1
scenario.supplierinfo_1117,scenario.product_142365,scenario.partner_90000,1,PD2N-WHITE SOCKET,94005,105,1
scenario.supplierinfo_1118,scenario.product_142366,scenario.partner_90000,1,PD3N-CEILING MOUNTED SET,?????,105,1
scenario.supplierinfo_1125,scenario.product_142373,scenario.partner_90000,1,L19/WH-ADAPTER-SET KALLYSTO,94329,105,1
scenario.supplierinfo_1128,scenario.product_142376,scenario.partner_90000,1,L19/WH-ADAPTER-SET RETRO,94328,105,1
scenario.supplierinfo_1537,scenario.product_142415,scenario.partner_90000,1,L19/W - IS140 - BEG/SWI,94326,105,1
scenario.supplierinfo_1091,scenario.product_142339,scenario.partner_90000,1,MD16/W/180/HCR/PI/CE-BEG LC-MINI,91052,105,1
scenario.supplierinfo_1092,scenario.product_142340,scenario.partner_90000,1,MD16/BL/180/HCR/PI/CE-BEG LC-MINI,91072,105,1
scenario.supplierinfo_1094,scenario.product_142342,scenario.partner_90000,1,PD3N-AP/HCR/3VR/MIC-BEG,92219,105,1
scenario.supplierinfo_1573,scenario.product_142452,scenario.partner_90000,1,PD9-DIGI-DE,92917,105,1
scenario.supplierinfo_1964,scenario.product_142931,scenario.partner_90000,1,PD2N/WH/UP Insert LED,PLA2283,105,1
scenario.supplierinfo_1574,scenario.product_142452,scenario.partner_90001,1,PD9-DIGI-DE,92917,14,2
scenario.supplierinfo_1576,scenario.product_142454,scenario.partner_90001,1,Fernbedienungsfolie RC-LLW,99800,14,2
scenario.supplierinfo_1581,scenario.product_142457,scenario.partner_90001,1,"Ballschutzkorb RC & LC, weiss",92467,14,2
scenario.supplierinfo_1598,scenario.product_142342,scenario.partner_90001,1,PD3N-1C-AP Micro / weiss,92219,14,2
scenario.supplierinfo_1752,scenario.product_142415,scenario.partner_90001,1,Indoor 140-L,94325,14,2
scenario.supplierinfo_1562,scenario.product_142439,scenario.partner_90001,1,FL2N-LED-230 / weiss,92627,14,2
scenario.supplierinfo_1563,scenario.product_142440,scenario.partner_90001,1,FL3N-LED-130 / weiss,92629,14,2
scenario.supplierinfo_1565,scenario.product_142443,scenario.partner_90001,1,"PD2-M/SM Master, Aufputz",92150,14,2
scenario.supplierinfo_1599,scenario.product_142444,scenario.partner_90001,1,IR-PD Fernbedienungsfolie,31934,14,2
scenario.supplierinfo_1584,scenario.product_142447,scenario.partner_90001,1,Fernbedienungsfolie IR-PD-DUO,32944,14,2
scenario.supplierinfo_1570,scenario.product_142448,scenario.partner_90001,1,Fernbedienungsfolie IR-PD Dimm,32202,14,2
scenario.supplierinfo_1683,scenario.product_142356,scenario.partner_90001,1,PD9-M-DALI/DSI-DE / weiss,92920,14,2
scenario.supplierinfo_1090,scenario.product_142338,scenario.partner_90001,1,PD4/M-1C-DE,92585,14,2
scenario.supplierinfo_1066,scenario.product_142316,scenario.partner_90001,1,PD9-KNX-DIM-EIB Sensorkopf,DIVERSES,14,2
scenario.supplierinfo_1610,scenario.product_142492,scenario.partner_90001,1,Pico Slave,65417,14,2
scenario.supplierinfo_1602,scenario.product_142449,scenario.partner_90001,1,LAB-IR-PD Dali (Fernbedienungsfolie),32954,14,2
scenario.supplierinfo_1628,scenario.product_142508,scenario.partner_90001,1,PD4-M-TRIO-2DALI/DSI-1C-AP,92751,14,2
scenario.supplierinfo_1629,scenario.product_142509,scenario.partner_90001,1,PD4-M-TRIO-2DALI/DSI-1C-DE,92756,14,2
scenario.supplierinfo_1630,scenario.product_142510,scenario.partner_90001,1,PD4-M-TRIO-DALI/DSI-DE,92755,14,2
scenario.supplierinfo_1631,scenario.product_142515,scenario.partner_90001,1,PD2N-LTMS-RR-DE,92119,14,2
scenario.supplierinfo_1600,scenario.product_142474,scenario.partner_90001,1,PD4N-1C-K-AP / weiss,92270,14,2
scenario.supplierinfo_1601,scenario.product_142475,scenario.partner_90001,1,HF-MD1-UP / weiss,94401,14,2
scenario.supplierinfo_1603,scenario.product_142476,scenario.partner_90001,1,IR-PD-2C,92475,14,2
scenario.supplierinfo_1604,scenario.product_142483,scenario.partner_90001,1,LC-Click-N 200 / weiss,91002,14,2
scenario.supplierinfo_1605,scenario.product_142484,scenario.partner_90001,1,LC-Click-N 200 / schwarz,91022,14,2
scenario.supplierinfo_1608,scenario.product_142487,scenario.partner_90001,1,PD11-KNX-Flat-DE weiss,92893,14,2
scenario.supplierinfo_1609,scenario.product_142491,scenario.partner_90001,1,Pico-M-1C,92712,14,2
scenario.supplierinfo_1633,scenario.product_142516,scenario.partner_90001,1,PD4-M-3C-TRIO-AP / weiss,92740,14,2
scenario.supplierinfo_1634,scenario.product_142517,scenario.partner_90001,1,PD4-M-3C-TRIO-DE / weiss,92745,14,2
scenario.supplierinfo_1635,scenario.product_142518,scenario.partner_90001,1,IR-PD4-TRIO SWI,92102,14,2
scenario.supplierinfo_1659,scenario.product_142546,scenario.partner_90001,1,Blinds for PICO detector,37771,14,2
scenario.supplierinfo_1660,scenario.product_142547,scenario.partner_90001,1,FL2N-LED-230/ schwarz,92626,14,2
scenario.supplierinfo_1753,scenario.product_142544,scenario.partner_90001,1,PD11-M-1C-FLAT-DE / weiss,92583,14,2
scenario.supplierinfo_1754,scenario.product_142545,scenario.partner_90001,1,PD11-S-FLAT-DE / weiss,92593,14,2
scenario.supplierinfo_1911,scenario.product_142874,scenario.partner_90001,1,AL60-LEDN,91746,14,2
scenario.supplierinfo_1664,scenario.product_142550,scenario.partner_90001,1,FL3N-LED / schwarz,92702,14,2
scenario.supplierinfo_1665,scenario.product_142551,scenario.partner_90001,1,FL3N-LED-130/ schwarz,92628,14,2
scenario.supplierinfo_1666,scenario.product_142552,scenario.partner_90001,1,FL2N-LED / schwarz,92598,14,2
scenario.supplierinfo_1667,scenario.product_142553,scenario.partner_90001,1,FL2N-LED / schwarz,92599,14,2
scenario.supplierinfo_1668,scenario.product_142554,scenario.partner_90001,1,FL3N-LED / weiss,92703,14,2
scenario.supplierinfo_1022,scenario.product_141476,scenario.partner_90001,1,PD2-M-2C-11-48V-RR-AP / weiss,92305,14,2
scenario.supplierinfo_1061,scenario.product_141448,scenario.partner_90001,1,PD3-1C-UP,92186,14,2
scenario.supplierinfo_361,scenario.product_141484,scenario.partner_90001,1,"Indoor 180-LON-UP,  LON Version Schweiz",???,14,2
scenario.supplierinfo_969,scenario.product_141475,scenario.partner_90001,1, PD2-M-2C-24V-RR-DE / weiss,92306,14,2
scenario.supplierinfo_1597,scenario.product_141455,scenario.partner_90001,1,MiniClip LR1 / weiss,92320,14,2
scenario.supplierinfo_1011,scenario.product_141470,scenario.partner_90001,1,FLC 150-200-schwarz,91821,14,2
scenario.supplierinfo_347,scenario.product_141471,scenario.partner_90001,1,PD2-KNX-AP weiss,92880,14,2
scenario.supplierinfo_348,scenario.product_141472,scenario.partner_90001,1,PD2-KNX-DE weiss,92881,14,2
scenario.supplierinfo_349,scenario.product_141473,scenario.partner_90001,1,PD-LLW/AP,92300,14,2
scenario.supplierinfo_581,scenario.product_141474,scenario.partner_90001,1,PD-LLW-DE,92301,14,2
scenario.supplierinfo_1056,scenario.product_141469,scenario.partner_90001,1,"FLC 150-200, weiss",91801,14,2
scenario.supplierinfo_1062,scenario.product_141460,scenario.partner_90001,1,PD3-1C-DE,92196,14,2
scenario.supplierinfo_1037,scenario.product_141453,scenario.partner_90001,1,PD2-M-DIM-DE / weiss,92167,14,2
scenario.supplierinfo_1047,scenario.product_141452,scenario.partner_90001,1,PD2-M-DIM-AP/ weiss,92153,14,2
scenario.supplierinfo_993,scenario.product_141451,scenario.partner_90001,1,PD2-M-DIM-UP,92157,14,2
scenario.supplierinfo_1591,scenario.product_141430,scenario.partner_90001,1,Filtersortiment,93103,14,2
scenario.supplierinfo_1084,scenario.product_141431,scenario.partner_90001,1,PD4-1C-AP,92144,14,2
scenario.supplierinfo_587,scenario.product_141427,scenario.partner_90001,1,FLC-500-200-schwarz,91822,14,2
scenario.supplierinfo_1054,scenario.product_141426,scenario.partner_90001,1,"FLC 500-200, weiss",91802,14,2
scenario.supplierinfo_1073,scenario.product_141424,scenario.partner_90001,1,LC-Click 200 / weiss,91002,14,2
scenario.supplierinfo_1033,scenario.product_141413,scenario.partner_90001,1,IR-PD-Mini,92159,14,2
scenario.supplierinfo_852,scenario.product_141410,scenario.partner_90001,1,CdS-T-AP / weiss,92367,14,2
scenario.supplierinfo_613,scenario.product_141408,scenario.partner_90001,1,Ballschutzkorb BSK,92199,14,2
scenario.supplierinfo_1013,scenario.product_141401,scenario.partner_90001,1,PD2-S-DE,92166,14,2
scenario.supplierinfo_1088,scenario.product_141400,scenario.partner_90001,1,PD2-M-2C-DE / weiss,92165,14,2
scenario.supplierinfo_36,scenario.product_141265,scenario.partner_90001,1,IR - Videorecorder Steuerung,90083,14,2
scenario.supplierinfo_853,scenario.product_141390,scenario.partner_90001,1,"Wanne AL1, opal",92416,14,2
scenario.supplierinfo_254,scenario.product_141391,scenario.partner_90001,1,"B.E.G. VIDEO-FUNK-KAMERA VC 180°, weiss",10674,14,2
scenario.supplierinfo_1587,scenario.product_141382,scenario.partner_90001,1,PD2-S-AP,92152,14,2
scenario.supplierinfo_862,scenario.product_141385,scenario.partner_90001,1,ALC-ES Ecksockel-weiss,91305,14,2
scenario.supplierinfo_1592,scenario.product_141386,scenario.partner_90001,1,ALC-ES Ecksockel-schwarz / schwarz,91325,14,2
scenario.supplierinfo_974,scenario.product_141307,scenario.partner_90001,1,PD2-M-2C-AP / weiss,92150,14,2
scenario.supplierinfo_1085,scenario.product_141323,scenario.partner_90001,1,AL2-RC-plus 280 SLU / schwarz,92393,14,2
scenario.supplierinfo_1021,scenario.product_141320,scenario.partner_90001,1,"AL2-RC-plus 230 SLU, weiss",92382,14,2
scenario.supplierinfo_1081,scenario.product_141321,scenario.partner_90001,1,AL2-RC-plus 230 SLU / schwarz,92392,14,2
scenario.supplierinfo_865,scenario.product_141309,scenario.partner_90001,1,PD2/W-IP54 SOCKET BEG,92161,14,2
scenario.supplierinfo_965,scenario.product_141287,scenario.partner_90001,1,ALC/S,91324,14,2
scenario.supplierinfo_1632,scenario.product_141285,scenario.partner_90001,1,ALC-B-360 SLU-schwarz / schwarz,91321,14,2
scenario.supplierinfo_586,scenario.product_141284,scenario.partner_90001,1,"ALC-B-360 SLU-weiss, weiss",91301,14,2
scenario.supplierinfo_908,scenario.product_141280,scenario.partner_90001,1,"RC-plus Ecksockel, braun",92014,14,2
scenario.supplierinfo_614,scenario.product_141279,scenario.partner_90001,1,"RC-plus Ecksockel, weiss",92004,14,2
scenario.supplierinfo_1020,scenario.product_141278,scenario.partner_90001,1,Wandhalterung für IR-Fernbedienung,92100,14,2
scenario.supplierinfo_112,scenario.product_141277,scenario.partner_90001,1,Verbindungskabel für IR-C,90600,14,2
scenario.supplierinfo_1590,scenario.product_141262,scenario.partner_90001,1,SAFETYLUX® portable / rot,93101,14,2
scenario.supplierinfo_1564,scenario.product_141234,scenario.partner_90001,1,Ziffernsatz,80421,14,2
scenario.supplierinfo_15,scenario.product_141241,scenario.partner_90001,1,ECO/WH/WALL-18W,21005,14,2
scenario.supplierinfo_14,scenario.product_141242,scenario.partner_90001,1,ECO/BL/WALL-18W,21000,14,2
scenario.supplierinfo_17,scenario.product_141243,scenario.partner_90001,1,ECO/WH/WALL-18W/CDS,21015,14,2
scenario.supplierinfo_16,scenario.product_141244,scenario.partner_90001,1,ECO/BL/WALL-18W/CDS,21010,14,2
scenario.supplierinfo_18,scenario.product_141245,scenario.partner_90001,1,ECO/BL/NAIL-18W,21020,14,2
scenario.supplierinfo_19,scenario.product_141246,scenario.partner_90001,1,ECO/BL/TUBE-18W,21040,14,2
scenario.supplierinfo_20,scenario.product_141247,scenario.partner_90001,1,ECO/WH/TUBE-18W,21045,14,2
scenario.supplierinfo_21,scenario.product_141248,scenario.partner_90001,1,ECO/BL/TUBE-18W/CDS,21050,14,2
scenario.supplierinfo_22,scenario.product_141249,scenario.partner_90001,1,ECO/WH/TUBE-18W/CDS,21055,14,2
scenario.supplierinfo_23,scenario.product_141250,scenario.partner_90001,1,ECO/BL/WALL-26W,22000,14,2
scenario.supplierinfo_24,scenario.product_141251,scenario.partner_90001,1,ECO/WH/WALL-26W,22005,14,2
scenario.supplierinfo_25,scenario.product_141252,scenario.partner_90001,1,ECO/BL/WALL-26W/CDS,22010,14,2
scenario.supplierinfo_26,scenario.product_141253,scenario.partner_90001,1,ECO/WH/WALL-26W/CDS,22015,14,2
scenario.supplierinfo_27,scenario.product_141254,scenario.partner_90001,1,ECO/BL/NAIL-26W,22020,14,2
scenario.supplierinfo_28,scenario.product_141255,scenario.partner_90001,1,ECO/BL/TUBE-26W,22040,14,2
scenario.supplierinfo_29,scenario.product_141256,scenario.partner_90001,1,ECO/WH/TUBE-26W,22045,14,2
scenario.supplierinfo_30,scenario.product_141257,scenario.partner_90001,1,ECO/BL/TUBE-26W/CDS,22050,14,2
scenario.supplierinfo_31,scenario.product_141258,scenario.partner_90001,1,ECO/WH/TUBE-26W/CDS,22055,14,2
scenario.supplierinfo_327,scenario.product_141228,scenario.partner_90001,1,AL4-130/W/OP/CE,80410,14,2
scenario.supplierinfo_328,scenario.product_141229,scenario.partner_90001,1,"AL4-130, schwarz",80420,14,2
scenario.supplierinfo_991,scenario.product_141193,scenario.partner_90001,1,AL1-130-braun,91401,14,2
scenario.supplierinfo_1048,scenario.product_141139,scenario.partner_90001,1,SG BB/Oslo-transparent,94101,14,2
scenario.supplierinfo_6,scenario.product_141221,scenario.partner_90001,1,"B.E.G. VIDEO-FUNK-KAMERA AL2 VC 230°, weiss",10673,14,2
scenario.supplierinfo_8,scenario.product_141222,scenario.partner_90001,1,"B.E.G. VIDEO-FUNK-KAMERA VC 180°, schwarz",10675,14,2
scenario.supplierinfo_5,scenario.product_141223,scenario.partner_90001,1,"B.E.G. VIDEO-FUNK-MONITOR MTR, weiss",10672,14,2
scenario.supplierinfo_9,scenario.product_141224,scenario.partner_90001,1,"B.E.G. VIDEO-FUNK POWER-ANTENNE, weiss",10676,14,2
scenario.supplierinfo_10,scenario.product_141225,scenario.partner_90001,1,B.E.G. VIDEO-FUNK NETZ-GERÄT,10679,14,2
scenario.supplierinfo_1064,scenario.product_141132,scenario.partner_90001,1,"AL5-RC-plus, weiss",92401,14,2
scenario.supplierinfo_851,scenario.product_141133,scenario.partner_90001,1,AL5-RC-plus-schwarz,92400,14,2
scenario.supplierinfo_1082,scenario.product_141136,scenario.partner_90001,1,SG LT/Paris-transparent/weiss,94111,14,2
scenario.supplierinfo_67,scenario.product_141117,scenario.partner_90001,1,AL-2-L15/130/BL/CE,92321,14,2
scenario.supplierinfo_68,scenario.product_141118,scenario.partner_90001,1,AL-2-L15/230/BL/DIM/CE,92322,14,2
scenario.supplierinfo_69,scenario.product_141119,scenario.partner_90001,1,AL-2-L15/270/BL/DIM/CE,92323,14,2
scenario.supplierinfo_63,scenario.product_141104,scenario.partner_90001,1,AL-2-L15/130/WH/CE,92381,14,2
scenario.supplierinfo_64,scenario.product_141113,scenario.partner_90001,1,AL-2-L15/230/WH/DIM/CE,92382,14,2
scenario.supplierinfo_65,scenario.product_141114,scenario.partner_90001,1,AL-2-L15/270/WH/DIM/CE,92303,14,2
scenario.supplierinfo_1580,scenario.product_142061,scenario.partner_90001,1,PD4N-KNX-DIM-UP,94074,14,2
scenario.supplierinfo_1579,scenario.product_142063,scenario.partner_90001,1,PD2N-KNX-DIM-UP,94071,14,2
scenario.supplierinfo_989,scenario.product_142032,scenario.partner_90001,1,Indoor 180-LON/UP-SWISS-NEU,92670,14,2
scenario.supplierinfo_964,scenario.product_142078,scenario.partner_90001,1,PD4-KNX-DIM-AP,92433,14,2
scenario.supplierinfo_979,scenario.product_142095,scenario.partner_90001,1,"PD9-KNX-DE, weiss SWISSLUX V5.0",92897,14,2
scenario.supplierinfo_980,scenario.product_142096,scenario.partner_90001,1,"PD9-M-SDB-DE, weiss, IP65",92912,14,2
scenario.supplierinfo_1074,scenario.product_142325,scenario.partner_90001,1,PD4-M-DIM-DE,92247,14,2
scenario.supplierinfo_1075,scenario.product_142326,scenario.partner_90001,1,HF-H-MD1 Eco / weiss,94430,14,2
scenario.supplierinfo_1076,scenario.product_142327,scenario.partner_90001,1,HF-H-MD1 Standard / weiss,94431,14,2
scenario.supplierinfo_1077,scenario.product_142328,scenario.partner_90001,1,PD4N-1C-K-DE / weiss,92274,14,2
scenario.supplierinfo_1078,scenario.product_142329,scenario.partner_90001,1,CdS-DE / weiss,92249,14,2
scenario.supplierinfo_1079,scenario.product_142330,scenario.partner_90001,1,CdS-AP / weiss,92369,14,2
scenario.supplierinfo_1080,scenario.product_142331,scenario.partner_90001,1,LC-Mini 180 / weiss,91052,14,2
scenario.supplierinfo_1038,scenario.product_142253,scenario.partner_90001,1,Linsen-Set zu PD9 für grosse Höhen,99800,14,2
scenario.supplierinfo_1039,scenario.product_142254,scenario.partner_90001,1,PD4-KNX-UP weiss,92885,14,2
scenario.supplierinfo_1040,scenario.product_142255,scenario.partner_90001,1,PD4-M-DIM-UP,92248,14,2
scenario.supplierinfo_1050,scenario.product_142260,scenario.partner_90001,1,"NiCd-Akku, Lötfahnen beidseitig 1.2V/4Ah/1007",30039,14,2
scenario.supplierinfo_1051,scenario.product_142262,scenario.partner_90001,1,"Indoor180-KNX-DIM -25°C,  (VERSION FÜR SCHWEIZ)",92457,14,2
scenario.supplierinfo_1052,scenario.product_142263,scenario.partner_90001,1,PD2-KNX-DIM-AP -25°C,SPEZIAL 92430,14,2
scenario.supplierinfo_1053,scenario.product_142264,scenario.partner_90001,1,PD2-KNX-DIM-UP -25°C,92458,14,2
scenario.supplierinfo_1057,scenario.product_142265,scenario.partner_90001,1,"RC-plus next 230 KNX/EIB, schwarz",92895,14,2
scenario.supplierinfo_1058,scenario.product_142266,scenario.partner_90001,1,"RC-plus next 230 KNX/EIB, weiss",92894,14,2
scenario.supplierinfo_1036,scenario.product_142250,scenario.partner_90001,1,PD9-M-DALI/DSI-DE,92980,14,2
scenario.supplierinfo_1035,scenario.product_142249,scenario.partner_90001,1,"PD2-M-DALI/DSI-AP, weiss",92280,14,2
scenario.supplierinfo_1593,scenario.product_142244,scenario.partner_90001,1,"Abdecklamellen für RC-plus next, weiss",32697,14,2
scenario.supplierinfo_994,scenario.product_142220,scenario.partner_90001,1,Abdeckclips für PD4 UP,32701,14,2
scenario.supplierinfo_1023,scenario.product_142239,scenario.partner_90001,1,PD4-M-GH-AP,92245,14,2
scenario.supplierinfo_1024,scenario.product_142240,scenario.partner_90001,1,PD4-S-GH-AP,92265,14,2
scenario.supplierinfo_1595,scenario.product_142038,scenario.partner_90001,1,PD2N-KNX-DIM-DE,94070,14,2
scenario.supplierinfo_1596,scenario.product_142031,scenario.partner_90001,1,PD4N-1C-UP / weiss,92151,14,2
scenario.supplierinfo_1044,scenario.product_141986,scenario.partner_90001,1,"Abdeckring für PD9, Edelstahl-Optik",535993079,14,2
scenario.supplierinfo_913,scenario.product_142029,scenario.partner_90001,1,PD4N-1C-DE/ weiss,92149,14,2
scenario.supplierinfo_716,scenario.product_141844,scenario.partner_90001,1,"Indoor 180-KNX, weiss SWISSLUX V5.0",92898,14,2
scenario.supplierinfo_904,scenario.product_142021,scenario.partner_90001,1,PD3N-UP/HCR/3VR/MIC-BEG,92526,14,2
scenario.supplierinfo_1025,scenario.product_141983,scenario.partner_90001,1,RC-plus-Ecksockel-Edelstahl-Optik,92043,14,2
scenario.supplierinfo_861,scenario.product_141984,scenario.partner_90001,1,"PD9 360 LON, LON-Einbau-Präsenzmelder 360°, weiss",92989,14,2
scenario.supplierinfo_863,scenario.product_141985,scenario.partner_90001,1,PD4-KNX-DIM-DE,92434,14,2
scenario.supplierinfo_1751,scenario.product_141819,scenario.partner_90001,1,Indoor 180-R/2D-UP Batterie,92616,14,2
scenario.supplierinfo_981,scenario.product_141767,scenario.partner_90001,1,AP Dose für Indoor 180,92141,14,2
scenario.supplierinfo_1055,scenario.product_141764,scenario.partner_90001,1,"Abdeckung IP54, reinweiss",92139,14,2
scenario.supplierinfo_624,scenario.product_141752,scenario.partner_90001,1,"PD9-KNX-DE, weiss SWISSLUX V5.0",92897,14,2
scenario.supplierinfo_584,scenario.product_141703,scenario.partner_90001,1,RC-plus 230-Edelstahl-Optik,92042,14,2
scenario.supplierinfo_609,scenario.product_141725,scenario.partner_90001,1,INDOOR 180/ELW FÜR EIB VERSION SCHWEIZ,92419,14,2
scenario.supplierinfo_595,scenario.product_141711,scenario.partner_90001,1,PD3N-1C-DE-Micro / weiss,92184,14,2
scenario.supplierinfo_962,scenario.product_141693,scenario.partner_90001,1,Ecksockel für RC-plus next-Edelstahl-Optik,97043,14,2
scenario.supplierinfo_1072,scenario.product_141691,scenario.partner_90001,1,Ecksockel RC-plus next / schwarz,97024,14,2
scenario.supplierinfo_850,scenario.product_141687,scenario.partner_90001,1,"Luxomat RC-plus next 280°, weiss",97003,14,2
scenario.supplierinfo_1588,scenario.product_141680,scenario.partner_90001,1,RC-plus next 130 / weiss,97001,14,2
scenario.supplierinfo_864,scenario.product_141686,scenario.partner_90001,1,"RC-plus 230 next, Edelstahl-O.",97042,14,2
scenario.supplierinfo_860,scenario.product_141683,scenario.partner_90001,1,"RC-plus 230 next, weiss",97002,14,2
scenario.supplierinfo_1658,scenario.product_141678,scenario.partner_90001,1,AL20-E27 SLU / schwarz,91730,14,2
scenario.supplierinfo_1662,scenario.product_141675,scenario.partner_90001,1,AL20-280/BM-LED / schwarz,91725,14,2
scenario.supplierinfo_1086,scenario.product_141674,scenario.partner_90001,1,AL20/WH/280/LED-BEG AL20,91700,14,2
scenario.supplierinfo_1087,scenario.product_141672,scenario.partner_90001,1,"AL20-ES Ecksockel, weiss",92425,14,2
scenario.supplierinfo_553,scenario.product_141663,scenario.partner_90001,1,PD2-M-DALI/DSI-DE / weiß,92258,14,2
scenario.supplierinfo_456,scenario.product_141576,scenario.partner_90001,1,PD2-KNX-UP weiss,92882,14,2
scenario.supplierinfo_551,scenario.product_141662,scenario.partner_90001,1,PD3-1C-DE-Micro / weiss,92184,14,2
scenario.supplierinfo_542,scenario.product_141654,scenario.partner_90001,1,PD4-Duo/M-FP,94084,14,2
scenario.supplierinfo_442,scenario.product_141561,scenario.partner_90001,1,INDOOR 180/ELW FÜR EIB VERSION SCHWEIZ,92429,14,2
scenario.supplierinfo_1014,scenario.product_141518,scenario.partner_90001,1,"PD9-S-DE, weiss",92905,14,2
scenario.supplierinfo_868,scenario.product_141507,scenario.partner_90001,1,PD4-M-DUO-DIM-UP,92273,14,2
scenario.supplierinfo_982,scenario.product_141505,scenario.partner_90001,1,"PD9-M-DIM-DE, weiss",92910,14,2
scenario.supplierinfo_1012,scenario.product_141504,scenario.partner_90001,1,"PD9-M-DE,weiss",92900,14,2
scenario.supplierinfo_550,scenario.product_141488,scenario.partner_90001,1,PD4-S-UP / weiss,92163,14,2
scenario.supplierinfo_487,scenario.product_141489,scenario.partner_90001,1,PD4-Duo/M-EN,92252,14,2
scenario.supplierinfo_1611,scenario.product_141487,scenario.partner_90001,1,PD4-M-2C-UP / weiss,92255,14,2
scenario.supplierinfo_1649,scenario.product_141573,scenario.partner_90001,1,AP-Dose IP54 PD1N-UP,92121,14,2
scenario.supplierinfo_996,scenario.product_141601,scenario.partner_90001,1,PD4-1C-UP,92151,14,2
scenario.supplierinfo_992,scenario.product_141598,scenario.partner_90001,1,PD2-1C-UP,92555,14,2
scenario.supplierinfo_537,scenario.product_141523,scenario.partner_90002,1,AL 4 Cover Opal,RR60103097725,7,2
scenario.supplierinfo_74,scenario.product_141105,scenario.partner_90002,1,System-Glas BRÜSSEL weiss,RR 260 03 024054,7,2
scenario.supplierinfo_75,scenario.product_141128,scenario.partner_90002,1,System-Glas BRÜSSEL schwarz,RR 260 03 023057,7,2
scenario.supplierinfo_73,scenario.product_141137,scenario.partner_90002,1,System-Glas PARIS schwarz,RR 260 03 023019,7,2
scenario.supplierinfo_72,scenario.product_141136,scenario.partner_90002,1,SG PARIS weiß,RR 260 03 024016,7,2
scenario.supplierinfo_134,scenario.product_141133,scenario.partner_90002,1,"AL5 VARIO 500, schwarz",RR60100010408,7,2
scenario.supplierinfo_85,scenario.product_141132,scenario.partner_90002,1,"AL5 VARIO 500, weiss",RR60100010422,7,2
scenario.supplierinfo_130,scenario.product_141115,scenario.partner_90002,1,AL2 SLU-w,RK 601 00 106400,7,2
scenario.supplierinfo_299,scenario.product_141138,scenario.partner_90002,1,System-Glas WIEN,RR 260 03 024115,7,2
scenario.supplierinfo_178,scenario.product_141234,scenario.partner_90002,1,Ziffernsatz für AL 4 / 130,RK 000 07 0198xx04,7,2
scenario.supplierinfo_98,scenario.product_141196,scenario.partner_90002,1,Grundset Funkalarm,RR60100200007,7,2
scenario.supplierinfo_99,scenario.product_141197,scenario.partner_90002,1,Funk-Bewegungsmelder weiss,RR60100200038,7,2
scenario.supplierinfo_100,scenario.product_141198,scenario.partner_90002,1,Funk-Handsender weiss,RR60100200045,7,2
scenario.supplierinfo_101,scenario.product_141199,scenario.partner_90002,1,Netzgerät schwarz,RR60100200106,7,2
scenario.supplierinfo_102,scenario.product_141200,scenario.partner_90002,1,Funk-Tür/Fensterkontakt weiss,RR60100200021,7,2
scenario.supplierinfo_103,scenario.product_141201,scenario.partner_90002,1,Reedkontakte weiss,RR60100200052,7,2
scenario.supplierinfo_104,scenario.product_141202,scenario.partner_90002,1,Pufferakku schwarz,RR60100200090,7,2
scenario.supplierinfo_105,scenario.product_141203,scenario.partner_90002,1,Alarm-Kennleuchte,RR60100200076,7,2
scenario.supplierinfo_182,scenario.product_141204,scenario.partner_90002,1,Multialarm grau,RR60100200083,7,2
scenario.supplierinfo_106,scenario.product_141205,scenario.partner_90002,1,Sirene schwarz,RR60100200069,7,2
scenario.supplierinfo_89,scenario.product_141235,scenario.partner_90002,1,HAST 500 w weiss,RK 415 00 420153,7,2
scenario.supplierinfo_90,scenario.product_141236,scenario.partner_90002,1,HAST 500 s schwarz,RK 415 00 420108,7,2
scenario.supplierinfo_88,scenario.product_141237,scenario.partner_90002,1,HAST 150 s schwarz,RK 900 00 420009,7,2
scenario.supplierinfo_87,scenario.product_141238,scenario.partner_90002,1,HAST 150 w weiss,RK 900 00 420054,7,2
scenario.supplierinfo_91,scenario.product_141239,scenario.partner_90002,1,HAST 1000 w weiss,RK 900 00 420252,7,2
scenario.supplierinfo_92,scenario.product_141240,scenario.partner_90002,1,HAST 1000 s schwarz,RK 900 00 420207,7,2
scenario.supplierinfo_140,scenario.product_141263,scenario.partner_90002,1,Safetylux portable Glühlampe,RB 601 00 93104,7,2
scenario.supplierinfo_77,scenario.product_141139,scenario.partner_90002,1,SG Oslo. Blasen,RR 260 03 024078,7,2
scenario.supplierinfo_142,scenario.product_141262,scenario.partner_90002,1,Safetylux portable Halogen,RB 601 00 93101,7,2
scenario.supplierinfo_157,scenario.product_141312,scenario.partner_90002,1,BA 15 d,RB601015748,7,2
scenario.supplierinfo_158,scenario.product_141313,scenario.partner_90002,1,BA 9S,RB601015749,7,2
scenario.supplierinfo_159,scenario.product_141314,scenario.partner_90002,1,LM-Safetylux-H-HL,6405910 OSRAM,7,2
scenario.supplierinfo_160,scenario.product_141315,scenario.partner_90002,1,BA 9S,RB601015760,7,2
scenario.supplierinfo_167,scenario.product_141317,scenario.partner_90002,1,RC-Löschglied,RR 601 00 10 8800,7,2
scenario.supplierinfo_252,scenario.product_141389,scenario.partner_90002,1,AL 4 Cover Opal,RR60107000001,7,2
scenario.supplierinfo_253,scenario.product_141390,scenario.partner_90002,1,AL 4 Cover Opal,RR60103097725,7,2
scenario.supplierinfo_274,scenario.product_141412,scenario.partner_90002,1,SG-FL-500,RK41507000001,7,2
scenario.supplierinfo_131,scenario.product_141288,scenario.partner_90003,1,Opal-Kristallspitze,330639,60,2
scenario.supplierinfo_132,scenario.product_141289,scenario.partner_90003,1,Kristall-weiss,327753,60,2
scenario.supplierinfo_133,scenario.product_141290,scenario.partner_90003,1,Kristall-schwarz,327757,60,2
scenario.supplierinfo_177,scenario.product_141139,scenario.partner_90003,1,Kristall-Blasenglas,397350,60,2
scenario.supplierinfo_79,scenario.product_141140,scenario.partner_90003,1,Blasenglas,314250,60,2
scenario.supplierinfo_78,scenario.product_141141,scenario.partner_90003,1,Kristall,303300,60,2
scenario.supplierinfo_70,scenario.product_141134,scenario.partner_90003,1,Kristall-weiss,924319617,60,2
scenario.supplierinfo_71,scenario.product_141135,scenario.partner_90003,1,Kristall-schwarz,304357,60,2
scenario.supplierinfo_163,scenario.product_141136,scenario.partner_90003,1,Kristall-weiß,399453,60,2
scenario.supplierinfo_76,scenario.product_141138,scenario.partner_90003,1,Opal-glänzend,396606,60,2
scenario.supplierinfo_164,scenario.product_141137,scenario.partner_90003,1,Kristall-schwarz,399457,60,2
scenario.supplierinfo_467,scenario.product_141128,scenario.partner_90003,1,Kristall-schwarz,306157,60,2
scenario.supplierinfo_165,scenario.product_141105,scenario.partner_90003,1,Kristall-weiss,306153,60,2
scenario.supplierinfo_179,scenario.product_141213,scenario.partner_90029,1,300T3Q/P117mm-230V/300W/R7s,494382,7,2
scenario.supplierinfo_180,scenario.product_141214,scenario.partner_90029,1,Halogenlampe Plusline 500T3Q/P117mm-230V/500W/R7s,494399,7,2
scenario.supplierinfo_276,scenario.product_141310,scenario.partner_90029,1,1000T3Q/P189mm,494344,7,2
scenario.supplierinfo_108,scenario.product_141273,scenario.partner_90029,1,150T3Q/78mm-230V/150W/R7s,058348,7,2
scenario.supplierinfo_11,scenario.product_141259,scenario.partner_90029,1,PLC18/840/4P-G24q-2,927905608453,7,2
scenario.supplierinfo_13,scenario.product_141260,scenario.partner_90029,1,PLC26/840/4P-G24q-3,623362,7,2
scenario.supplierinfo_12,scenario.product_141261,scenario.partner_90029,1,PLC18/830/4P-G24q-2,927905608353,7,2
scenario.supplierinfo_241,scenario.product_141379,scenario.partner_90029,1,PLC26/830/4P - G24q-2,927906008353,7,2
scenario.supplierinfo_35,scenario.product_141264,scenario.partner_90110,1,AKAI Mono-Video,VS-G 267,7,2
scenario.supplierinfo_243,scenario.product_141380,scenario.partner_90160,1,Unterp.-Modul mit erw. Programmierung,LCN - UPP,7,2
scenario.supplierinfo_493,scenario.product_141398,scenario.partner_90160,1,"Lichtleiter-Kunststoffkabel, 2 Adern","LCN-LK, 1m",7,2
scenario.supplierinfo_256,scenario.product_141395,scenario.partner_90160,1,"Relais 2-fach, 8A Unterputz für LCN-UPP",LCN - R2U,7,2
scenario.supplierinfo_263,scenario.product_141403,scenario.partner_90160,1,Windows Konfigurationsprogramm als Update,LCN - PRO UPD,7,2
scenario.supplierinfo_266,scenario.product_141405,scenario.partner_90160,1,Bewegungsmelder zum Anschluss an den I-Port,LCN - BMI,7,2
scenario.supplierinfo_267,scenario.product_141406,scenario.partner_90160,1,"Relais 1-fach, 16A Unterputz für LCN-UPP",LCN - R1U,7,2
scenario.supplierinfo_188,scenario.product_141328,scenario.partner_90160,1,Tableauinterface für 12 Lämpchen und 8 Tasten,LCN - DI12,7,2
scenario.supplierinfo_189,scenario.product_141329,scenario.partner_90160,1,Schalt u. Dimmmodul mit erw. Programmierung,LCN - HU,7,2
scenario.supplierinfo_190,scenario.product_141330,scenario.partner_90160,1,Leistungschalt- u. Dimmmodul für 2x2KW,LCN - LD,7,2
scenario.supplierinfo_191,scenario.product_141331,scenario.partner_90160,1,Schalt u. Dimmmodul für Hutschiene,LCN - SH,7,2
scenario.supplierinfo_193,scenario.product_141332,scenario.partner_90160,1,Infrarot-Empfänger,LCN - RR,7,2
scenario.supplierinfo_194,scenario.product_141333,scenario.partner_90160,1,Infrarot-Handsender mit 4 Tasten,LCN - RT,7,2
scenario.supplierinfo_195,scenario.product_141334,scenario.partner_90160,1,Hochleistungs-Fernsteuersender mit 16 Tasten,LCN - RT16,7,2
scenario.supplierinfo_196,scenario.product_141335,scenario.partner_90160,1,Trennverstärker 230V,LCN - IS,7,2
scenario.supplierinfo_197,scenario.product_141336,scenario.partner_90160,1,Lichtleiterkoppler für Glasfaserkabel,LCN - LLG,7,2
scenario.supplierinfo_198,scenario.product_141337,scenario.partner_90160,1,Lichtleiterkoppler für Kunstoffkabel,LCN - LLK,7,2
scenario.supplierinfo_199,scenario.product_141338,scenario.partner_90160,1,Koppler von LCN-Bus und PC (RS232),LCN - PC,7,2
scenario.supplierinfo_200,scenario.product_141339,scenario.partner_90160,1,Segmentkoppler für Grossanlagen,LCN - SK,7,2
scenario.supplierinfo_201,scenario.product_141340,scenario.partner_90160,1,Universal Analog-Digital Wandler (10Bit),LCN - AD1,7,2
scenario.supplierinfo_202,scenario.product_141341,scenario.partner_90160,1,Ansteuerung dig. EVGs DSI/DALI (für LCN-UPP/UPS),LCN - DSI,7,2
scenario.supplierinfo_203,scenario.product_141342,scenario.partner_90160,1,"Binäreingang 8x230V, optisch entkoppelt",LCN - B8H,7,2
scenario.supplierinfo_204,scenario.product_141343,scenario.partner_90160,1,Binäreingang 8x10-30V ( inkl. Abfragespannung),LCN - B8L,7,2
scenario.supplierinfo_205,scenario.product_141344,scenario.partner_90160,1,Stromsensor mit 4 Eingängen bis 16 A belastbar,LCN - BS4,7,2
scenario.supplierinfo_206,scenario.product_141345,scenario.partner_90160,1,Reaismodul mit 8 Umschaltern 16A incl. Versorgung,LCN - R8H,7,2
scenario.supplierinfo_209,scenario.product_141348,scenario.partner_90160,1,Umsetzer 4x 230V f. d. Hutschiene,LCN - TU4H,7,2
scenario.supplierinfo_210,scenario.product_141349,scenario.partner_90160,1,Umsetzr für 4x15V f. d. Hutschiene,LCN - TU4HL,7,2
scenario.supplierinfo_211,scenario.product_141350,scenario.partner_90160,1,Umsetzer für die UP-Dose,LCN - TU4R,7,2
scenario.supplierinfo_214,scenario.product_141353,scenario.partner_90160,1,Binäreingang 3-fach zum Anschluss an den I-Port,LCN - B3I,7,2
scenario.supplierinfo_215,scenario.product_141354,scenario.partner_90160,1,Windsensor mit Montagematerial,LCN - IW,7,2
scenario.supplierinfo_216,scenario.product_141355,scenario.partner_90160,1,Windsensor kmpl. mit LCN-UPS im IP65 Gehäuse,LCN - IW65,7,2
scenario.supplierinfo_217,scenario.product_141356,scenario.partner_90160,1,"Lichtsensor im IP65-Gehäuse, incl. LCN-UPS",LCN - LS65,7,2
scenario.supplierinfo_218,scenario.product_141357,scenario.partner_90160,1,"Lichtsensor im Gehäuse mit Innenf., inkl. LCN-UPS",LCN - LSI,7,2
scenario.supplierinfo_219,scenario.product_141358,scenario.partner_90160,1,Lichtsensor für Hs. zum Anschluss an LCN-SH/HU,LCN - LSH,7,2
scenario.supplierinfo_221,scenario.product_141360,scenario.partner_90160,1,"Regensensor (pot.freier Kontakt), incl. Mw.",LCN - RS,7,2
scenario.supplierinfo_222,scenario.product_141361,scenario.partner_90160,1,"Regensensor kompl. mit (LCN-UPS, BVC1+B3I) IP65",LCN - RS65,7,2
scenario.supplierinfo_223,scenario.product_141362,scenario.partner_90160,1,Präz. Temperatursensor für alle Bus-Module,LCN - TS,7,2
scenario.supplierinfo_224,scenario.product_141363,scenario.partner_90160,1,"Wind-, Regen, Lichtsensor kompl.",LCN - WRL65,7,2
scenario.supplierinfo_225,scenario.product_141364,scenario.partner_90160,1,PC-Programm zum Einrichten der Module,LCN - P,7,2
scenario.supplierinfo_226,scenario.product_141365,scenario.partner_90160,1,Windows Konfig.prog. für den LCN-Bus/Vollversion,LCN - PRO,7,2
scenario.supplierinfo_227,scenario.product_141366,scenario.partner_90160,1,PC-Zentrale mit Visu. (max. 2 Pläne) bis 50 Module,LCN - W,7,2
scenario.supplierinfo_228,scenario.product_141367,scenario.partner_90160,1,Zugangskontrolle für LCN-W,LCN - WA,7,2
scenario.supplierinfo_229,scenario.product_141368,scenario.partner_90160,1,Zeitschaltuhr für LCN-W,LCN - WT,7,2
scenario.supplierinfo_230,scenario.product_141369,scenario.partner_90160,1,Erweiterung Visu. (unbegr.Pläne) bis 200 Module,LCN - WV,7,2
scenario.supplierinfo_231,scenario.product_141370,scenario.partner_90160,1,Grundlastmodul f. die Hutschiene,LCN - C2GH,7,2
scenario.supplierinfo_232,scenario.product_141371,scenario.partner_90160,1,Grundlastmodul f. die Unterputzdose,LCN - C2GR,7,2
scenario.supplierinfo_234,scenario.product_141373,scenario.partner_90160,1,Störfilter,LCN - FI1,7,2
scenario.supplierinfo_237,scenario.product_141375,scenario.partner_90160,1,Klemm-Block,LCN - K3,7,2
scenario.supplierinfo_238,scenario.product_141376,scenario.partner_90160,1,Adapter für Verlängerung des I-Anschlusses,LCN - IV,7,2
scenario.supplierinfo_290,scenario.product_141429,scenario.partner_90160,1,Adapterkabel für bis zu 8 konv. Tasten mit Pieper,LCN - T8,7,2
scenario.supplierinfo_313,scenario.product_141449,scenario.partner_90160,1,"Musterkoffer, inkl Systemsoftware Windows",LCN - MKOPRO,7,2
scenario.supplierinfo_308,scenario.product_141444,scenario.partner_90160,1,Relaismodul mit Umschaltern 16A incl. Versorgung,LCN - R2H,7,2
scenario.supplierinfo_309,scenario.product_141445,scenario.partner_90160,1,"Netzgerät für die Hutschiene, 12V / 12W",LCN - NH12,7,2
scenario.supplierinfo_310,scenario.product_141446,scenario.partner_90160,1,"Netzgerät für die Hutschiene, 24V / 12W",LCN - NH24,7,2
scenario.supplierinfo_311,scenario.product_141447,scenario.partner_90160,1,"Unterputz-Netzteil 16V, 50mA, UP-Dose",LCN - NU16,7,2
scenario.supplierinfo_304,scenario.product_141437,scenario.partner_90160,1,UP Transponder incl. Ant. (für Netzteil 16-30V=/~),LCN - UT,7,2
scenario.supplierinfo_305,scenario.product_141438,scenario.partner_90160,1,Transponder-Karte für LCN -UT,LCN - ZTK,7,2
scenario.supplierinfo_306,scenario.product_141439,scenario.partner_90160,1,Transponder-Schlüsselanhänger für LCN-UT,LCN - ZTS,7,2
scenario.supplierinfo_357,scenario.product_141480,scenario.partner_90160,1,Unterp.-Sensor Modul mit erw. Prog. (24V),LCN - UP24,7,2
scenario.supplierinfo_358,scenario.product_141481,scenario.partner_90160,1,Unterp.- Modul mit erw. Prog. (ohne Ausgänge),LCN - UPS,7,2
scenario.supplierinfo_359,scenario.product_141482,scenario.partner_90160,1,Universalkabel zum Anschl. eines Std.-Tastsensors,LCN - TEU,7,2
scenario.supplierinfo_353,scenario.product_141477,scenario.partner_90160,1,Relaismodul für 4x2 Jal.mot. (230V/8A) incl. Vsg.,LCN - R4M2H,7,2
scenario.supplierinfo_458,scenario.product_141577,scenario.partner_90160,1,Tableau mit 8 Tasten & 12 LEDs,LCN - KT8,7,2
scenario.supplierinfo_549,scenario.product_141661,scenario.partner_90160,1,Tableau-Adapter für 12LEDs und 8 Tasten für UP-Dos,LCN - TL12R,7,2
scenario.supplierinfo_463,scenario.product_141582,scenario.partner_90160,1,"Kopplungssoftware TCP/IP Hauptlizenz, Windows",LCN - PCHK,7,2
scenario.supplierinfo_464,scenario.product_141583,scenario.partner_90160,1,"Kopplungssoftware TCP/IP Zusatzlizenz, Windows",LCN - PCHKL,7,2
scenario.supplierinfo_466,scenario.product_141584,scenario.partner_90160,1,Update Vorführlizenz LCN-W,LCN - W DEMO UPD,7,2
scenario.supplierinfo_468,scenario.product_141586,scenario.partner_90160,1,Koppler von LCN-Bus und PC (RS232),LCN - PK,7,2
scenario.supplierinfo_469,scenario.product_141587,scenario.partner_90160,1,Spannungsumsetzer 230 V für LCN-B3I,LCN - BVC1,7,2
scenario.supplierinfo_390,scenario.product_141514,scenario.partner_90160,1,Adapter für die Verläng. d. I-Anschl. für die Hs.,LCN - IVH,7,2
scenario.supplierinfo_391,scenario.product_141515,scenario.partner_90160,1,Trennverst. trennt die Datenleit. über Optokoppler,LCN - IS24,7,2
scenario.supplierinfo_392,scenario.product_141516,scenario.partner_90160,1,Vorführlizenz LCN-W,LCN - W DEMO,7,2
scenario.supplierinfo_368,scenario.product_141491,scenario.partner_90160,1,Anschlusskabel für Elektronik-Taster CH,LCN - TE8,7,2
scenario.supplierinfo_372,scenario.product_141495,scenario.partner_90160,1,Störmelder für LCN-W,LCN - WE,7,2
scenario.supplierinfo_374,scenario.product_141497,scenario.partner_90160,1,Vorführlizenz LCN-WA,LCN - WA DEMO,7,2
scenario.supplierinfo_375,scenario.product_141498,scenario.partner_90160,1,Vorführlizenz LCN-WE,LCN - WE DEMO,7,2
scenario.supplierinfo_376,scenario.product_141499,scenario.partner_90160,1,Vorführlizenz LCN-WT,LCN - WT DEMO,7,2
scenario.supplierinfo_377,scenario.product_141500,scenario.partner_90160,1,Vorführlizenz LCN-WV,LCN - WV DEMO,7,2
scenario.supplierinfo_383,scenario.product_141506,scenario.partner_90160,1,Präz.-Temp.sensor für den Aussenbereich,LCN - TSA,7,2
scenario.supplierinfo_395,scenario.product_141519,scenario.partner_90160,1,Adapter f. 4/3-fach Std.Tastens + 1-Fach Taster,LCN - TE1,7,2
scenario.supplierinfo_396,scenario.product_141520,scenario.partner_90160,1,Adapter f. 2x1/2-fach Insta-Taster,LCN - TE2,7,2
scenario.supplierinfo_397,scenario.product_141521,scenario.partner_90160,1,Binäreingang 3-fach für den I-Port mit Spannungsv.,LCN - B3IN,7,2
scenario.supplierinfo_580,scenario.product_141700,scenario.partner_90160,1,Ansteuerung dig. EVGs DSI/DALI (für LCN-UPP/UPS),LCN - DDR,7,2
scenario.supplierinfo_582,scenario.product_141701,scenario.partner_90160,1,Sensor-Modul für die Hutschiene 2 TE,LCN - SHS,7,2
scenario.supplierinfo_583,scenario.product_141702,scenario.partner_90160,1,Konverter 230V Dimmsignal -> 0-10V Schnittstelle,LCN - AO1R,7,2
scenario.supplierinfo_1063,scenario.product_142268,scenario.partner_90160,1,"Glas-Taster, 4fach",LCN - GT4D,7,2
scenario.supplierinfo_251,scenario.product_141387,scenario.partner_90216,1,"Tagungsmappe A4, schwarz",4473.10,7,2
scenario.supplierinfo_259,scenario.product_141398,scenario.partner_90233,1,"PGU-CD1002-22E, Toray Optical Fiber Cord, U-Grade",500057,7,2
scenario.supplierinfo_354,scenario.product_141478,scenario.partner_90233,1,"902-KH001-TA250, TOCP255",539295,7,2
scenario.supplierinfo_355,scenario.product_141479,scenario.partner_90233,1,"902-SS001-T255K, TOCP 255K",523361,7,2
scenario.supplierinfo_277,scenario.product_141414,scenario.partner_90296,1,"LED Lenser, Photonenpumpe V8, White Chip",7553,7,2
scenario.supplierinfo_281,scenario.product_141420,scenario.partner_90307,1,SONIN Multi-Measure LD,10055,7,2
scenario.supplierinfo_282,scenario.product_141421,scenario.partner_90307,1,SONIN Multi-Measure 60 PRO,10065,7,2
scenario.supplierinfo_283,scenario.product_141422,scenario.partner_90307,1,SONIN Multi-Measure LTRF,10075,7,2
scenario.supplierinfo_284,scenario.product_141423,scenario.partner_90307,1,SONIN Multi-Measure COMBO PRO,10300,7,2
scenario.supplierinfo_389,scenario.product_141512,scenario.partner_90408,1,Programmieradapter USB zu Multifunktionsdisplay 8-fach,MCA-USB-ProgrAdap,7,2
scenario.supplierinfo_380,scenario.product_141503,scenario.partner_90408,1,"Touch-Panel 6, monochrom",GTM-006M,7,2
scenario.supplierinfo_373,scenario.product_141496,scenario.partner_90408,1,Projektierungssoftware zu Touch-Panel 6 & 15,TE-SW-CH-01,7,2
scenario.supplierinfo_370,scenario.product_141493,scenario.partner_90408,1,6“ GrafikTouchModul color,GTM-006C,7,2
scenario.supplierinfo_371,scenario.product_141494,scenario.partner_90408,1,"Multifunktionsdisplay 8-fach, zweizeilig",MC-JNG-CD500ww-000,7,2
scenario.supplierinfo_455,scenario.product_141575,scenario.partner_90408,1,IR-Sende-/Empfangsmodul zu IOS-GTM...C,IR-TxRx-001,7,2
scenario.supplierinfo_462,scenario.product_141581,scenario.partner_90408,1,6“ Blende Edelstahl/V2A gebürstet,COVER-006X-V2A/jazz-m,7,2
scenario.supplierinfo_450,scenario.product_141570,scenario.partner_90408,1,"Blende zu Touch-Panel 6, Classic, Aluminium eloxiert",COVER-006X-alu/classic-s,7,2
scenario.supplierinfo_451,scenario.product_141571,scenario.partner_90408,1,"Blende zu Touch-Panel 6, Jazz, Aluminium eloxiert",COVER-006X-alu/jazz-m,7,2
scenario.supplierinfo_452,scenario.product_141572,scenario.partner_90408,1,"Blende zu Touch-Panel 6, Jazz, Acrylglas schwarz",COVER-006X-acr/jazz-m,7,2
scenario.supplierinfo_576,scenario.product_141696,scenario.partner_90408,1,15“ GrafikTouchModul color,GTM-015C,7,2
scenario.supplierinfo_577,scenario.product_141697,scenario.partner_90408,1,Einbaugehäuse für IOS GrafikTouchModul,CASE-GTM015,7,2
scenario.supplierinfo_578,scenario.product_141698,scenario.partner_90408,1,"Blende zu Touch-Panel 15, Jazz, Acrylglas schwarz",COVER-015X-acr/jazz-m,7,2
scenario.supplierinfo_579,scenario.product_141699,scenario.partner_90408,1,"Blende zu Touch-Panel 15, Jazz, Aluminium eloxiert",COVER-015X-alu/jazz-m,7,2
scenario.supplierinfo_1060,scenario.product_142267,scenario.partner_90436,1,Kleinmengenzuschlag Spezialfarbe,,7,2
scenario.supplierinfo_1791,scenario.product_142856,scenario.partner_90523,1,OTI DALI 35/220-240/700 LT2L VS20,4052899245389,7,2
scenario.supplierinfo_1792,scenario.product_142857,scenario.partner_90523,1,OTI DALI 35/220-240/1A0 LT2 VS20,405289919440,7,2
scenario.supplierinfo_984,scenario.product_142087,scenario.partner_90731,1,"Abdeckplatte Gr.1 mit Loch 1 x 43 mm, schwarz",374 163 059,7,2
scenario.supplierinfo_983,scenario.product_141737,scenario.partner_90731,1,"Abdeckplatte Gr.1 mit Loch 1 x 43 mm,weiss",374 163 009,7,2
scenario.supplierinfo_1725,scenario.product_142599,scenario.partner_131559,1,SW-AKM210 Automatisierungskl. 2-fach mit Konfig.,T-4007529654505-01,7,2
scenario.supplierinfo_1726,scenario.product_142600,scenario.partner_131559,1,SW-AKM210 Automatisierungskl. 2-fach mit Konfig.,T-4007529654512-01,7,2
scenario.supplierinfo_1727,scenario.product_142601,scenario.partner_131559,1,SW-AKM210 Automatisierungskl. 2-fach mit Konfig.,T-4007529654529-01,7,2
scenario.supplierinfo_1907,scenario.product_142870,scenario.partner_132379,1,"P-PROFILE WHITE, 25M:9MM WEISS Länge/m 25.00",05391-00100-00,7,2
scenario.supplierinfo_1640,scenario.product_142523,scenario.partner_132527,1,PD9 Aufnahme ohne IP-Schutz,,7,2
scenario.supplierinfo_1641,scenario.product_142524,scenario.partner_132527,1,PD9 Aufnahme mit IP-Schutz,,7,2
scenario.supplierinfo_1642,scenario.product_142525,scenario.partner_132527,1,PD9 Aufnahme für Leuchteneinbau,,7,2
scenario.supplierinfo_1647,scenario.product_142503,scenario.partner_132527,1,Sektorkappe,,7,2
scenario.supplierinfo_1756,scenario.product_142710,scenario.partner_132550,1,"Rundabdeckung D=350/343mm, H=75mm, Loch D=26.5mm",142710,7,2
scenario.supplierinfo_1757,scenario.product_142711,scenario.partner_132550,1,"Rundabdeckung D=350/343mm, H=75mm",142711,7,2
scenario.supplierinfo_1771,scenario.product_142733,scenario.partner_132550,1,"Rundabdeckung D=350/343mm, H=75mm, Loch D=26.5mm",,7,2
scenario.supplierinfo_1772,scenario.product_142734,scenario.partner_132550,1,"Rundabdeckung D=350/343mm, H=75mm",,7,2
scenario.supplierinfo_1966,scenario.product_142831,scenario.partner_132550,1,Abdeckung aus Acrylglas GS 3 mm opal 432 AR,5678-001,7,2
scenario.supplierinfo_1967,scenario.product_142832,scenario.partner_132550,1,Abdeckung aus Acrylglas GS 3 mm opal 432 AR,5678-002,7,2
scenario.supplierinfo_1959,scenario.product_142926,scenario.partner_132738,1,EINLAGE EINBAULEUCHTE,288712,7,2
scenario.supplierinfo_1960,scenario.product_142927,scenario.partner_132738,1,IL1-L120 Verpackung  Einbauleuchte,288714,7,2
scenario.supplierinfo_1961,scenario.product_142928,scenario.partner_132738,1,VERPACKUNG AUFPUTZLEUCHTE,288716,7,2
scenario.supplierinfo_1962,scenario.product_142929,scenario.partner_132738,1,Versandkarton,288820,7,2
scenario.supplierinfo_1963,scenario.product_142930,scenario.partner_132738,1,GESTANZTER ZUSCHNITT ZU LEUCHTE RUND,288463,7,2
scenario.supplierinfo_1965,scenario.product_142932,scenario.partner_132738,1,ZUGLASCHE BEDRUCKT,286213,7,2
scenario.supplierinfo_1968,scenario.product_142933,scenario.partner_132738,1,U- EINLAGE,2899169,7,2
scenario.supplierinfo_1793,scenario.product_142858,scenario.partner_132847,1,"Dichtung D: 19 x 1mm, MVQ, 40 Shore, transparent",0109-226154,7,2
scenario.supplierinfo_1639,scenario.product_142522,scenario.partner_132847,1,Silikondichtung 31 x 40 x 2mm,3017-198210,7,2
scenario.supplierinfo_1638,scenario.product_142521,scenario.partner_133077,1,Gegenmutter Messing SW36 M32x1.5,096777032 005 100,7,2
scenario.supplierinfo_1824,scenario.product_142694,scenario.partner_133459,1,Platine 3000 K rund,,7,2
scenario.supplierinfo_1828,scenario.product_142698,scenario.partner_133459,1,Platine 4000 K rund,,7,2
scenario.supplierinfo_1906,scenario.product_142869,scenario.partner_134214,1,Saugnapf Ø 40mm mit montiertem Ø 34mm Schlüsselrin,40134,7,2
