id,sale_warn,sale_warn_msg,use_parent_address,street,supplier,city,user_id,zip,title,function,country_id/id,company_id,parent_id/id,type,email,is_company,website,lang,fax,street2,phone,ref,active,tz,customer,credit_limit,mobile,opt_out,notify_email,property_payment_term_id/id,property_supplier_payment_term_id/id,property_product_pricelist/id,property_account_receivable_id,property_account_payable_id,property_stock_supplier/id,category_id/id,name2,eev_member,eev_number,eev_alarm,region_id/id,pobox_nr,pobox_zip,pobox_city,companytype,headquarter_id/id,mailing_email,mailing,department,lastname,firstname,partner_invoicing_id/id,influence,partner_state
partner_11439,no-message,,FALSE,Sandbüelstr. 2,true,Volketswil,rhu,8604,,,base.ch,Swisslux AG,,contact,info@awag.ch,TRUE,,de_DE,+41 44 9081999,,+41 44 9081919,11439,true,Europe/Zurich,false,0,,TRUE,none,,scenario.account_payment_term_30dn,product.list0,1100,2000,stock.stock_location_suppliers,,,FALSE,,FALSE,slx_region_-2144060038,,,,,,1,0,,AWAG Elektrotechnik AG,,,,
partner_131146,no-message,,FALSE,Ueberlandstr. 1,true,Dübendorf,rhu,8600,,,base.ch,Swisslux AG,,contact,info@hpstore.ch,TRUE,,de_DE,,,0848 80 20 20,131146,true,Europe/Zurich,false,0,,TRUE,none,scenario.account_payment_term_30dn,scenario.account_payment_term_30dn,product.list0,1100,2000,stock.stock_location_suppliers,,,FALSE,,FALSE,slx_region_-2144060038,,,,,,,0,,Hewlett-Packard (Schweiz) GmbH,,,,
partner_131442,no-message,,FALSE,Dorfstrasse 23,true,Aathal-Seegräben,rhu,8607,,,base.ch,Swisslux AG,,contact,info@juckerfarm.ch,TRUE,www.juckerfarm.ch,de_DE,+41 44 9343485,,+41 44 9343484,131442,true,Europe/Zurich,false,0,,TRUE,none,scenario.account_payment_term_30dn,scenario.account_payment_term_30dn,product.list0,1100,2000,stock.stock_location_suppliers,,,FALSE,,FALSE,slx_region_-2144060038,,,,,,,0,,Jucker Farm AG,,,,
partner_131504,no-message,,FALSE,Erlenweg 8,true,Steinhausen,dla,6312,,,base.ch,Swisslux AG,,contact,verkauf@gaerner.ch,TRUE,www.gaerner.ch,de_DE,+41 41 767 77 88,,+41 41 767 77 77,131504,true,Europe/Zurich,false,0,,TRUE,none,scenario.account_payment_term_30dn,scenario.account_payment_term_30dn,product.list0,1100,2000,stock.stock_location_suppliers,,,FALSE,,FALSE,slx_region_-2144060039,162,6312,Steinhausen,,,,0,,Gaerner AG,,,,
partner_131512,no-message,,FALSE,Schmittenweg 19,true,Zollbrück,,3436,,,base.ch,Swisslux AG,,contact,,TRUE,,de_DE,,,,131512,true,Europe/Zurich,false,0,,TRUE,none,scenario.account_payment_term_30dn,scenario.account_payment_term_30dn,,1100,2000,stock.stock_location_suppliers,,,FALSE,,FALSE,slx_region_-2144060046,,,,,,,0,,Lehmann Michael  ,,,,
partner_131532,no-message,,FALSE,Zweigniederlassung Münchwilen,true,Münchwilen TG,mka,9542,,,base.ch,Swisslux AG,,contact,,TRUE,www.sealedair.com,de_DE,+41 71 9692253,Postfach,+41 71 9692727,131532,true,Europe/Zurich,false,0,,TRUE,none,scenario.account_payment_term_30dn,scenario.account_payment_term_30dn,product.list0,1100,2000,stock.stock_location_suppliers,,,FALSE,,FALSE,slx_region_-2142967384,,9542,Münchwilen TG,,,,0,,Diversey Europe B.V. / Utrecht,,,,
partner_131891,no-message,,FALSE,Jägerstrasse 2,true,Winterthur,rhu,8406,,,base.ch,Swisslux AG,,contact,knx@knx.ch,TRUE,www.knx-swiss.ch,de_DE,+41 52 2027261,,+41 52 2027260,131891,true,Europe/Zurich,false,0,,TRUE,none,scenario.account_payment_term_30dn,scenario.account_payment_term_30dn,product.list0,1100,2000,stock.stock_location_suppliers,,,FALSE,,FALSE,slx_region_-2144059995,,,,,,,0,,KNX Swiss,,,,
partner_131912,no-message,,FALSE,Langholzstr. 92,true,Oetwil am See,rhu,8618,,,base.ch,Swisslux AG,,contact,p.frischknecht@naturephotography.ch,TRUE,www.naturephotography.ch,de_DE,+41 44 936 19 72,,+41 44 936 19 72,131912,true,Europe/Zurich,false,0,,TRUE,none,scenario.account_payment_term_30dn,scenario.account_payment_term_30dn,product.list0,1100,2000,stock.stock_location_suppliers,,,FALSE,,FALSE,slx_region_-2144060038,,,,,,,0,,bilder werkstatt Frischknecht Patrick,Patrick und Martina,,,
partner_131997,no-message,,FALSE,Zelglistr. 13,true,Oetwil am See,rhu,8618,,,base.ch,Swisslux AG,,contact,R.Mustafa@gmx.ch,TRUE,,de_DE,,,+41 44 929 07 77,131997,true,Europe/Zurich,false,0,,TRUE,none,scenario.account_payment_term_30dn,scenario.account_payment_term_30dn,,1100,2000,stock.stock_location_suppliers,,,FALSE,,FALSE,,,,,,,,0,,Restaurant Pizzeria Zelgli,,,,
partner_132199,no-message,,FALSE,Im Steiles 23/1,true,Weinheim,,69469,,,base.de,Swisslux AG,,contact,Team@3D-Tool.de,TRUE,www.3D-Tool.de,de_DE,+49 3212 1198 521,,,132199,true,Europe/Zurich,false,0,,TRUE,none,scenario.account_payment_term_30dn,scenario.account_payment_term_30dn,,1100,2000,stock.stock_location_suppliers,,,FALSE,,FALSE,,,,,,,,0,,3D-Tool GmbH & Co. KG,,,,
partner_132331,no-message,,FALSE,Dufourstrasse 101,true,Zürich,dla,8008,,,base.ch,Swisslux AG,,contact,info@druckhelden.ch,TRUE,www.druckhelden.ch,de_DE,,,+41 44 5869842,132331,true,Europe/Zurich,false,0,,TRUE,none,scenario.account_payment_term_30dn,scenario.account_payment_term_30dn,,1100,2000,stock.stock_location_suppliers,,,FALSE,,FALSE,slx_region_-2144060003,,,,,,,0,,Druckhelden.ch,,,,
partner_132463,no-message,,FALSE,Europastr. 30,true,Glattbrugg,rhu,8152,,,base.ch,Swisslux AG,,contact,,TRUE,,de_DE,+41 84 865 63 29,,+41 84 865 63 76,132463,true,Europe/Zurich,false,0,,TRUE,none,scenario.account_payment_term_30dn,scenario.account_payment_term_30dn,,1100,2000,stock.stock_location_suppliers,,,FALSE,,FALSE,slx_region_-2144060038,,,,,,,0,,OLMeRO AG,,,,
partner_132527,no-message,,FALSE,Werkstr. 6,true,Wetzikon ZH,rhu,8620,,,base.ch,Swisslux AG,,contact,spritzguss@prontoplast.ch,TRUE,www.prontoplast.ch,de_DE,+41 44 9306847,,+41 44 9306757,132527,true,Europe/Zurich,false,0,,TRUE,none,scenario.account_payment_term_30dn,scenario.account_payment_term_30dn,,1100,2000,stock.stock_location_suppliers,,,FALSE,,FALSE,slx_region_-2144060038,,,,,,,0,,Prontoplast Spritzguss AG,,,,
partner_132550,no-message,,FALSE,AMP-Strasse 2,true,Bronschhofen,mka,9552,,,base.ch,Swisslux AG,,contact,info@av-buerge.ch,TRUE,www.av-buerge.ch,de_DE,+41 71 913 80 71,,+41 71 913 80 70,132550,true,Europe/Zurich,false,0,,TRUE,none,scenario.account_payment_term_30dn,scenario.account_payment_term_30dn10d3s,,1100,2000,stock.stock_location_suppliers,,,FALSE,,FALSE,slx_region_-2142967377,,,,,,,0,,AV Bürge AG,,,,
partner_132592,warning,"e-mail: michael.wyss@swisslux.ch
passwort: druckerprofi

\f1 Warenwert ab CHF 500.00 ist der Versand kostenfrei!\cf0\fs17
",FALSE,Eichtalstrasse 55,true,Hombrechtikon,rhu,8634,,,base.ch,Swisslux AG,,contact,info@eurebis.ch,TRUE,www.eurebis.ch,de_DE,+41 44 928 30 01,,+41 44 928 30 00,132592,true,Europe/Zurich,false,0,,TRUE,none,scenario.account_payment_term_30dn,scenario.account_payment_term_30dn,,1100,2000,stock.stock_location_suppliers,,,FALSE,,FALSE,slx_region_-2144060038,,,,,,,0,,Eurebis AG,,,,
partner_132738,no-message,,FALSE,Werk OFTRINGEN,true,Oftringen,dla,4665,,,base.ch,Swisslux AG,,contact,contact.cawapac@dssmith.com,TRUE,www.dssmith-packaging.ch,de_DE,+41 43 833 10 10,Industriestrasse,+41 43 833 10 00,132738,true,Europe/Zurich,false,0,,TRUE,none,scenario.account_payment_term_30dn,scenario.account_payment_term_30dn,,1100,2000,stock.stock_location_suppliers,,,FALSE,,FALSE,slx_region_-2144060016,,,,,,,0,,DS Smith Packaging Switzerland AG ,,,,
partner_132785,no-message,,FALSE,"c/o 717 Market Street, Suite 600",true,San Francisco,,CA 94103,,,base.ch,Swisslux AG,,contact,prosupport@gonitro.com,TRUE,,en_US,415 520 0967,,415 369 9296,132785,true,Europe/Zurich,false,0,,TRUE,none,scenario.account_payment_term_30dn,scenario.account_payment_term_30dn,,1100,2000,stock.stock_location_suppliers,,,FALSE,,FALSE,,,,,,,,0,,Nitro PDF Pty Ltd,,,,
partner_132847,no-message,,FALSE,Im Langhag 5,true,Effretikon,,8307,,,base.ch,Swisslux AG,,contact,info@kubo.ch,TRUE,,de_DE,+41 52 354 18 88,,+41 52 354 18 18,132847,true,Europe/Zurich,false,0,,TRUE,none,scenario.account_payment_term_30dn,scenario.account_payment_term_30dn,,1100,2000,stock.stock_location_suppliers,,,FALSE,,FALSE,,,,,,,,0,,Kubo Tech AG,,,,
partner_133008,no-message,,FALSE,J. Schmidheinystr. 244,true,Heerbrugg,mka,9435,,,base.ch,Swisslux AG,,contact,,TRUE,,de_DE,,,+41 71 720 07 00,133008,true,Europe/Zurich,false,0,,TRUE,none,scenario.account_payment_term_30dn,scenario.account_payment_term_30dn,,1100,2000,stock.stock_location_suppliers,scenario.partner_category_4,,FALSE,,FALSE,slx_region_-2142967386,,,,,,,0,,HSB-Weibel AG,,,,
partner_133077,no-message,,FALSE,Dornwydenweg 11,true,Arlesheim,,4144,,,base.ch,Swisslux AG,,contact,info@wuerth-ag.ch,TRUE,www.wuerth-ag.ch,de_DE,,,+41 61 705 91 11,133077,true,Europe/Zurich,false,0,,TRUE,none,scenario.account_payment_term_30dn,scenario.account_payment_term_30dn,,1100,2000,stock.stock_location_suppliers,,,FALSE,,FALSE,slx_region_-2144060030,,,,headquarter,,,0,,Würth AG,,,,
partner_133269,warning,"Swisslux Kunden-Nr. bei AFEX = 000068DF
",FALSE,21045 Califa Street,true,Woodland Hills,,CA 91367,,,base.us,Swisslux AG,,contact,info.zurich@afex.com,TRUE,,de_DE,+41 848 233 939,,+41 848 233 924,133269,true,Europe/Zurich,false,0,,TRUE,none,scenario.account_payment_term_30dn,scenario.account_payment_term_30dn,,1100,2000,stock.stock_location_suppliers,,,FALSE,,FALSE,,,,,,,,0,,Associated Foreign Exchange,,,,
partner_133332,no-message,,FALSE,Rössligasse 2,true,Brunnen,dla,6440,,,base.ch,Swisslux AG,,contact,info@qualisales.ch,TRUE,www.qualisales.ch,de_DE,+41 41 750 59 02,,+41 41 750 53 43,133332,true,Europe/Zurich,false,0,,TRUE,none,scenario.account_payment_term_30dn,scenario.account_payment_term_30dn,,1100,2000,stock.stock_location_suppliers,,,FALSE,,FALSE,slx_region_-2144060006,,,,,,,0,,QualiSales AG,,,,
partner_133434,no-message,,FALSE,Limmatstrasse 310,true,Zürich,dla,8005,,,base.ch,Swisslux AG,,contact,wbs@kvz-schule.ch,TRUE,,de_DE,+41 44 444 66 29,,+41 44 444 66 44,133434,true,Europe/Zurich,false,0,,TRUE,none,scenario.account_payment_term_30dn,scenario.account_payment_term_30dn,,1100,2000,stock.stock_location_suppliers,,,FALSE,,FALSE,slx_region_-2144060003,,8037,Zürich,,,,0,,KV ZÜRICH BUSINESS SCHOOL,,,,
partner_133455,no-message,,FALSE,Markus Schildknecht,true,Schwendi im Weisstannental,mka,7325,,,base.ch,Swisslux AG,,contact,info@schi.ch,TRUE,www.schi.ch,de_DE,,Steineggstrasse 10,+41 81 710 42 77,133455,true,Europe/Zurich,false,0,,TRUE,none,scenario.account_payment_term_30dn,scenario.account_payment_term_30dn,,1100,2000,stock.stock_location_suppliers,,,FALSE,,FALSE,slx_region_-2142967386,,,,,,,0,,Schildknecht Consulting,,,,
partner_133477,no-message,,FALSE,Altenbergstrasse 29,true,Bern 8,mle,3000,,,base.ch,Swisslux AG,,contact,,TRUE,,de_DE,,,,133477,true,Europe/Zurich,false,0,,TRUE,none,scenario.account_payment_term_30dn,scenario.account_payment_term_30dn,,1100,2000,stock.stock_location_suppliers,,,FALSE,,FALSE,slx_region_-2144060013,,,,,,,0,,SensNorm,,,,
partner_133579,no-message,,FALSE,Winterthurerstrasse 430,true,Zürich,,8051,,,base.ch,Swisslux AG,,contact,,TRUE,,de_DE,,,+41 78 830 46 30,133579,true,Europe/Zurich,false,0,,TRUE,none,scenario.account_payment_term_30dn,scenario.account_payment_term_30dn,,1100,2000,stock.stock_location_suppliers,,,FALSE,,FALSE,,,,,,,,0,,Gergis Farhad Ismail,,,,
partner_133684,no-message,,FALSE,Inserate-Administration,true,Wetzikon ZH,,8620,,,base.ch,Swisslux AG,,contact,inserate@zol.ch,TRUE,,de_DE,,Rapperswilerstrasse 1,,133684,true,Europe/Zurich,false,0,,TRUE,none,scenario.account_payment_term_30dn,scenario.account_payment_term_30dn,,1100,2000,stock.stock_location_suppliers,,,FALSE,,FALSE,,1425,8620,Wetzikon ZH,,,,0,,Zürcher Oberland Medien AG,,,,
partner_133724,no-message,,FALSE,Baarerstrasse 80,true,Zug,,6300,,,base.ch,Swisslux AG,,contact,info@itc-b.ch,TRUE,,de_DE,,,+41 55 552 55 55,133724,true,Europe/Zurich,false,0,,TRUE,none,scenario.account_payment_term_30dn,scenario.account_payment_term_30dn,,1100,2000,stock.stock_location_suppliers,,,FALSE,,FALSE,,,,,,,,0,,IT Consulting Braunwalder & Co.,,,,
partner_133802,no-message,,FALSE,Flüelastrasse 21,true,Zürich,,8047,,,base.ch,Swisslux AG,,contact,info@zuerich-engineering.ch,TRUE,,de_DE,+41 44 401 11 57,,+41 44 401 1144,133802,true,Europe/Zurich,false,0,,TRUE,none,scenario.account_payment_term_30dn,scenario.account_payment_term_30dn,,1100,2000,stock.stock_location_suppliers,,,FALSE,,FALSE,,,,,,,,0,,Zürich Engineering GmbH,,,,
partner_133803,no-message,,FALSE,Abklärung – Ausbildung – Integration,true,Männedorf,,8708,,,base.ch,Swisslux AG,,contact,mailbox@appisberg.ch,TRUE,http://www.appisberg.ch,de_DE,+41 43 843 43 44,Im Russer 108,+41 43 843 43 43,133803,true,Europe/Zurich,false,0,,TRUE,none,scenario.account_payment_term_30dn,scenario.account_payment_term_30dn,,1100,2000,stock.stock_location_suppliers,,,FALSE,,FALSE,,,,,,,,0,,Appisberg,,,,
partner_133813,no-message,,FALSE,Lagerstrasse 107,true,Zürich,,8004,,,base.ch,Swisslux AG,,contact,,TRUE,,de_DE,+41 44 250 52 69,,+41 44 250 52 52,133813,true,Europe/Zurich,false,0,,TRUE,none,scenario.account_payment_term_30dn,scenario.account_payment_term_30dn,,1100,2000,stock.stock_location_suppliers,,,FALSE,,FALSE,,,,,,,,0,,H&B Real Estate AG,,,,
partner_133865,no-message,,FALSE,Riehenring 109,true,Basel,,4058,,,base.ch,Swisslux AG,,contact,basel@easyhotelschweiz.ch  ,TRUE,,de_DE,,,+41 61 686 55 58,133865,true,Europe/Zurich,false,0,,TRUE,none,scenario.account_payment_term_30dn,scenario.account_payment_term_30dn,,1100,2000,stock.stock_location_suppliers,,,FALSE,,FALSE,,,,,,,,0,,easyHotel Basel,,,,
partner_133890,no-message,,FALSE,Laubisrütistrasse 52,true,Stäfa,,8712,,,base.ch,Swisslux AG,,contact,info@maisontruffe.ch,TRUE,,de_DE,,,+41 44 918 70 70,133890,true,Europe/Zurich,false,0,,TRUE,none,scenario.account_payment_term_30dn,scenario.account_payment_term_30dn,,1100,2000,stock.stock_location_suppliers,,,FALSE,,FALSE,,,,,,,,0,,Maison Truffe AG,,,,
partner_133905,no-message,,FALSE,Verpackungen AG,true,Regensdorf,rhu,8105,,,base.ch,Swisslux AG,,contact,beratung@ratioform.ch,TRUE,www.ratioform.ch,de_DE,+41 43 411 60 11,Althardstrasse 257,+41 43 411 60 10,133905,true,Europe/Zurich,false,0,,TRUE,none,scenario.account_payment_term_30dn,scenario.account_payment_term_30dn,,1100,2000,stock.stock_location_suppliers,,,FALSE,,FALSE,slx_region_-2144059992,,,,,,,0,,ratioform,,,,
partner_133915,no-message,,FALSE,Stapfenstrasse 81,true,Bern,mle,3018,,,base.ch,Swisslux AG,,contact,,TRUE,www.fellergut.ch,de_DE,,,+41 31 990 97 97,133915,true,Europe/Zurich,false,0,,TRUE,none,scenario.account_payment_term_30dn,scenario.account_payment_term_30dn,,1100,2000,stock.stock_location_suppliers,scenario.partner_category_2,,FALSE,,FALSE,slx_region_-2144060013,,,,,,,0,,Alterswohnheim Fellergut AG,,,,
partner_133919,no-message,,FALSE,Burghofstrasse 20,true,Regensdorf,rhu,8105,,,base.ch,Swisslux AG,,contact,,TRUE,www.innflow.com,de_DE,+41 58 705 07 07,,+41 58 705 07 05,133919,true,Europe/Zurich,false,0,,TRUE,none,scenario.account_payment_term_30dn,scenario.account_payment_term_30dn10d2s,,1100,2000,stock.stock_location_suppliers,,,FALSE,,FALSE,slx_region_-2144059992,,,,,,,0,,Innflow AG,,,,
partner_133928,no-message,,FALSE,Motorenstrasse 2,true,Wetzikon ZH,,8623,,,base.ch,Swisslux AG,,contact,,TRUE,www.steiner-beck.ch,de_DE,+41 44 931 13 42,,+41 44 931 13 40,133928,true,Europe/Zurich,false,0,,TRUE,none,scenario.account_payment_term_30dn,scenario.account_payment_term_30dn,,1100,2000,stock.stock_location_suppliers,,,FALSE,,FALSE,,,,,,,,0,,Steiner-Beck AG,,,,
partner_134030,no-message,,FALSE,Altenbergstrasse 29,true,Bern,,3000,,,base.ch,Swisslux AG,,contact,info@slg.ch,TRUE,,de_DE,+41 31 313 88 99,,+41 31 313 88 11,134030,true,Europe/Zurich,false,0,,TRUE,none,scenario.account_payment_term_30dn,scenario.account_payment_term_30dn,,1100,2000,stock.stock_location_suppliers,,,FALSE,,FALSE,,686,3000 Bern 8,,,,,0,,Schweizer Licht Gesellschaft,,,,
partner_134041,no-message,,FALSE,"EPFL Innovation Park, Bâtiment A",true,Lausanne,,1015,,,base.ch,Swisslux AG,,contact,info@camptocamp.com,TRUE,,de_DE,,,+41 21 619 10 10,134041,true,Europe/Zurich,false,0,,TRUE,none,scenario.account_payment_term_30dn,,,1100,2000,stock.stock_location_suppliers,,,FALSE,,FALSE,,,,,,,,0,,Camptocamp SA,,,,
partner_134073,no-message,,FALSE,Ristorante Schönau,true,Hombrechtikon,,8634,,,base.ch,Swisslux AG,,contact,info@pizza-fee.ch,TRUE,,de_DE,,Feldbachstrasse 3,+41 55 244 14 64,134073,true,Europe/Zurich,false,0,,TRUE,none,scenario.account_payment_term_30dn,scenario.account_payment_term_30dn,,1100,2000,stock.stock_location_suppliers,,,FALSE,,FALSE,,,,,,,,0,,Pizza Fee 662,,,,
partner_134111,no-message,,FALSE,Hauptstätter Str. 89,true,Stuttgart,,D-70178,,,base.ch,Swisslux AG,,contact,,TRUE,www.instinctools.de,de_DE,,,+49 711 66 483 690,134111,true,Europe/Zurich,false,0,,TRUE,none,scenario.account_payment_term_30dn,scenario.account_payment_term_30dn,,1100,2000,stock.stock_location_suppliers,,,FALSE,,FALSE,,,,,,,,0,,instinctools GmbH,,,,
partner_134172,no-message,,FALSE,Brugglenstrasse 2 A,true,Volketswil,,8604,,,base.ch,Swisslux AG,,contact,,TRUE,,de_DE,,,+41 71 910 26 25,134172,true,Europe/Zurich,false,0,,TRUE,none,scenario.account_payment_term_30dn,scenario.account_payment_term_30dn,,1100,2000,stock.stock_location_suppliers,,,FALSE,,FALSE,,,,,,,,0,,Schneider Mischa,,,,
partner_134173,no-message,,FALSE,Dotzingenstrasse 2a,true,Busswil b. Büren,,3292,,,base.ch,Swisslux AG,,contact,,TRUE,,de_DE,,,,134173,true,Europe/Zurich,false,0,,TRUE,none,scenario.account_payment_term_30dn,scenario.account_payment_term_30dn,,1100,2000,stock.stock_location_suppliers,,,FALSE,,FALSE,,,,,,,,0,,Hauser Kurt,,,,
partner_134214,no-message,,FALSE,Behringweg 2,true,Lüdenscheid,,58515,,,base.de,Swisslux AG,,contact,info@vario-marketing.de,TRUE,,de_DE,+49 2351 673663,,+49 2351 459907,134214,true,Europe/Zurich,false,0,,TRUE,none,scenario.account_payment_term_30dn,scenario.account_payment_term_30dn,,1100,2000,stock.stock_location_suppliers,,,FALSE,,FALSE,,,,,,,,0,,Vario-Marketing R. Stoberock,,,,
partner_134280,no-message,,FALSE,Aescherstrasse 6,true,Fahrwangen,,5615,,,base.ch,Swisslux AG,,contact,,TRUE,,de_DE,+41 917 39 90,,+41 917 39 88,134280,true,Europe/Zurich,false,0,,TRUE,none,scenario.account_payment_term_30dn,scenario.account_payment_term_30dn,,1100,2000,stock.stock_location_suppliers,,,FALSE,,FALSE,,,,,,,,0,,Schuhbus GmbH,,,,
partner_134293,no-message,,FALSE,Training und Coaching,true,Landschlacht,,8597,,,base.ch,Swisslux AG,,contact,mb@mariusboesch.ch,TRUE,,de_DE,,Im Seegarte 7,+41 79 421 35 45,134293,true,Europe/Zurich,false,0,,TRUE,none,scenario.account_payment_term_30dn,scenario.account_payment_term_30dn,,1100,2000,stock.stock_location_suppliers,,,FALSE,,FALSE,,,,,,,,0,,Marius Boesch Trainings,,,,
partner_134300,no-message,,FALSE,Seefeldstrasse 19,true,Zürich,,Florastrasse 49,,,base.ch,Swisslux AG,,contact,law@lanter.biz,TRUE,,de_DE,+41 44 250 29 00,,+41 44 250 29 29,134300,true,Europe/Zurich,false,0,,TRUE,none,scenario.account_payment_term_30dn,scenario.account_payment_term_30dn,,1100,2000,stock.stock_location_suppliers,,,FALSE,,FALSE,,1418,8032,Zürich,,,,0,,MV Legal Partners LLC,,,,
partner_134303,no-message,,FALSE,Frauentalstrasse 3,true,Hagendorn,,6332,,,base.ch,Swisslux AG,,contact,,TRUE,,de_DE,,,,134303,true,Europe/Zurich,false,0,,TRUE,none,scenario.account_payment_term_30dn,scenario.account_payment_term_30dn,,1100,2000,stock.stock_location_suppliers,,,FALSE,,FALSE,,,,,,,,0,,workfashion.com ag,,,,
partner_134320,no-message,,FALSE,Seestrasse 156,true,Stäfa,,8712,,,base.ch,Swisslux AG,,contact,info@villa-s.ch,TRUE,,de_DE,,,+41 44 927 30 90,134320,true,Europe/Zurich,false,0,,TRUE,none,scenario.account_payment_term_30dn,scenario.account_payment_term_30dn,,1100,2000,stock.stock_location_suppliers,,,FALSE,,FALSE,,,,,,,,0,,Restaurant Villa Sunneschy,,,,
partner_134325,no-message,,FALSE,Hinwilerstrasse 11,true,Ottikon (Gossau ZH),,8626,,,base.ch,Swisslux AG,,contact,,TRUE,,de_DE,,,,134325,true,Europe/Zurich,false,0,,TRUE,none,scenario.account_payment_term_30dn,scenario.account_payment_term_30dn,,1100,2000,stock.stock_location_suppliers,,,FALSE,,FALSE,,,,,,,,0,,Artho Jürg,,,,
partner_90002,no-message,,FALSE,An der Strusbeck 40,true,Ahrensburg,,22926,,,base.de,Swisslux AG,,contact,vertrieb@etsysteme.de,TRUE,,de_DE,+49 4102 481114,,+49 4102 4810,90002,true,Europe/Zurich,false,0,,TRUE,none,,,product.list0,1100,2000,stock.stock_location_suppliers,,,FALSE,,FALSE,,,,,,,,0,,Peter Kremser Werksvertretungen,,,,
partner_90003,no-message,,FALSE,Am Trimbuschhof 16-18,true,Herne,,44628,,,base.de,Swisslux AG,,contact,,TRUE,www.hernerglas.de,de_DE,+49 2323 54198,,+49 2323 17750,90003,true,Europe/Zurich,false,0,,TRUE,none,,scenario.account_payment_term_30dn,product.list0,1100,2000,stock.stock_location_suppliers,,,FALSE,,FALSE,,,,,,,,0,,Herner Glas,,,,
partner_90005,no-message,,FALSE,Contact Center Fixnet,true,Bern,mle,3050,,,base.ch,Swisslux AG,,contact,fixnet.contactcenter@swisscom.com,TRUE,,de_DE,0800 800 802,Waldeggstrasse 51,0800 055 055,90005,true,Europe/Zurich,false,0,,TRUE,none,,scenario.account_payment_term_30dn,product.list0,1100,2000,stock.stock_location_suppliers,,,FALSE,,FALSE,slx_region_-2144060013,,,,,,,0,,Swisscom (Schweiz) AG,,,,
partner_90016,no-message,,FALSE,Prattelerstrasse 23,true,Basel,,4052,,,base.ch,Swisslux AG,,contact,,TRUE,,de_DE,+41 61 317 44 00,,+41 61 317 44 44,90016,true,Europe/Zurich,false,0,,TRUE,none,,scenario.account_payment_term_30dn,product.list0,1100,2000,stock.stock_location_suppliers,,,FALSE,,FALSE,slx_region_-2144060004,,,,,,,0,,Focus Discount AG,,,,
partner_90023,warning,"Email: info@swisslux.ch
Passwort: teamlux\lang2055
",FALSE,Industrie- und Bürobedarf,true,Meisterschwanden,mle,5616,,,base.ch,Swisslux AG,,contact,office@medewo.ch,TRUE,,de_DE,+41 56 6766099,Bahnhofstrasse 352,+41 56 6766090,90023,true,Europe/Zurich,false,0,,TRUE,none,,scenario.account_payment_term_30dn,product.list0,1100,2000,stock.stock_location_suppliers,,,FALSE,,FALSE,slx_region_-2144060050,,,,,,,0,,Medewo AG,,,,
partner_90026,no-message,,FALSE,Hertistrasse 25,true,Wallisellen,,8304,,,base.ch,Swisslux AG,,contact,info@neopost.ch,TRUE,,de_DE,+41 84 823 12 32,,+41 84 823 12 31,90026,true,Europe/Zurich,false,0,,TRUE,none,,scenario.account_payment_term_30dn,product.list0,1100,2000,stock.stock_location_suppliers,,,FALSE,,FALSE,slx_region_-2144060038,,,,,,,0,,Neopost AG,,,,
partner_90033,warning,"Email: info@swisslux.ch
Passwort: xa7200
",FALSE,c/o Magazine zum Globus,true,Zürich,,8045,,,base.ch,Swisslux AG,,contact,,TRUE,,de_DE,0800 804 888,Eichstrasse 27,0844 822 816,90033,true,Europe/Zurich,false,0,,TRUE,none,,scenario.account_payment_term_30dn,product.list0,1100,2000,stock.stock_location_suppliers,,,FALSE,,FALSE,slx_region_-2144060003,,,,,,,0,,Office World AG,,,,
partner_90039,no-message,,FALSE,Ramsteinerstrasse 30,true,Basel,,4052,,,base.ch,Swisslux AG,,contact,info@eldas.ch,TRUE,,de_DE,+41 61 3859848,,+41 61 3859858,90039,true,Europe/Zurich,false,0,,TRUE,none,,scenario.account_payment_term_30dn,product.list0,1100,2000,stock.stock_location_suppliers,,,FALSE,,FALSE,slx_region_-2144060004,,,,,,,0,,ELDAS Elektro Datenbank Schweiz,,,,
partner_90050,warning,dave.wuergler@s,FALSE,Seegartenstrasse 2,true,Zürich,,8002,,,base.ch,Swisslux AG,,contact,,TRUE,,de_DE,+41 44 2113492,,+41 44 2114058,90050,true,Europe/Zurich,false,0,,TRUE,none,,scenario.account_payment_term_30dn,product.list0,1100,2000,stock.stock_location_suppliers,,,FALSE,,FALSE,slx_region_-2144060003,,,,,,,0,,Verband Zürcher Handelsfirmen,,,,
partner_90065,no-message,,FALSE,Zürcherstrasse 238,true,Frauenfeld ,,8500,,,base.ch,Swisslux AG,,contact,,TRUE,www.rdv.ch,de_DE,,,,90065,true,Europe/Zurich,false,0,,TRUE,none,,scenario.account_payment_term_30dn,product.list0,1100,2000,stock.stock_location_suppliers,,,FALSE,,FALSE,slx_region_-2142967379,,,,,,,0,,galledia frauenfeld ag,,,,
partner_90072,no-message,,FALSE,Im Langhag 11,true,Effretikon,,8307,,,base.ch,Swisslux AG,,contact,info@theben-hts.ch,TRUE,,de_DE,+41 52 3551701,,+41 52 3551700,90072,true,Europe/Zurich,false,0,,TRUE,none,,scenario.account_payment_term_30dn,product.list0,1100,2000,stock.stock_location_suppliers,,,FALSE,,FALSE,slx_region_-2144060038,,,,,,,0,,Theben HTS AG,,,,
partner_90074,no-message,,FALSE,CH/LI DOM-REG,true,Zürich,,8001,,,base.ch,Swisslux AG,,contact,helpdesk@nic.ch,TRUE,,de_DE,+41 44 2681588,Limmatquai 138,+41 44 2681580,90074,true,Europe/Zurich,false,0,,TRUE,none,,scenario.account_payment_term_30dn,product.list0,1100,2000,stock.stock_location_suppliers,,,FALSE,,FALSE,slx_region_-2144060003,,,,,,,0,,SWITCH,,,,
partner_90100,no-message,,FALSE,Sonnhalde,true,Grüningen,rhu,8627,,,base.ch,Swisslux AG,,contact,,TRUE,,de_DE,+41 44 9366162,,+41 44 9366161,90100,true,Europe/Zurich,false,0,,TRUE,none,,,product.list0,1100,2000,stock.stock_location_suppliers,,,FALSE,,FALSE,slx_region_-2144060038,,,,,,,0,,di Gallo Liegenschaften AG,,,,
partner_90110,no-message,,FALSE,Ifangstrasse 1,true,Schlieren,,8952,,,base.ch,Swisslux AG,,contact,,TRUE,,de_DE,+41 44 7303580,,+41 44 7303440,90110,true,Europe/Zurich,false,0,,TRUE,none,,scenario.account_payment_term_30dn,product.list0,1100,2000,stock.stock_location_suppliers,,,FALSE,,FALSE,slx_region_-2144060021,,,,,,,0,,Grob Electronic AG,,,,
partner_90112,no-message,,FALSE,Neumattstrasse 1,true,Aarau,mle,5001,,,base.ch,Swisslux AG,,contact,,TRUE,,de_DE,+41 62 8366768,,+41 62 8366767,90112,true,Europe/Zurich,false,0,,TRUE,none,,scenario.account_payment_term_30dn,product.list0,1100,2000,stock.stock_location_suppliers,,,FALSE,,FALSE,slx_region_-2144060050,,,,,,,0,,AZ Fachverlage AG,,,,
partner_90152,no-message,,FALSE,Spezialdruckerei f. Computerform.,true,Volketswil,,8604,,,base.ch,Swisslux AG,,contact,,TRUE,,de_DE,+41 44 9475030,Zürcherstrasse 36,+41 44 9475020,90152,true,Europe/Zurich,false,0,,TRUE,none,,scenario.account_payment_term_30dn,product.list0,1100,2000,stock.stock_location_suppliers,,,FALSE,,FALSE,slx_region_-2144060038,,,,,,,0,,Dataform AG,,,,
partner_90153,warning,"siehe: 90153, Weisung f\'fcr die Rechnungsstellung, 11.11.05\fs17 




",FALSE,Freilagerstrasse 40,true,Zürich,dla,8047,,,base.ch,Swisslux AG,,contact,,TRUE,www.siemens.ch,de_DE,0848 822 855,,+41 44 4954481,90153,true,Europe/Zurich,false,0,,TRUE,none,scenario.account_payment_term_30dn,scenario.account_payment_term_30dn,product.list0,1100,2000,stock.stock_location_suppliers,,,FALSE,,FALSE,slx_region_-2144060003,,8047,,,,,0,,Siemens Schweiz AG,,,,
partner_90155,no-message,,FALSE,Salinenstrasse 61,true,Pratteln,,4133,,,base.ch,Swisslux AG,,contact,,TRUE,,de_DE,+41 61 695 84 85,,+41 61 695 84 84,90155,true,Europe/Zurich,false,0,,TRUE,none,,scenario.account_payment_term_30dn,product.list0,1100,2000,stock.stock_location_suppliers,,,FALSE,,FALSE,slx_region_-2144060004,125,4030,Basel-Flughafen,,,,0,,Ziegler (Schweiz) AG,,,,
partner_90178,no-message,,FALSE,Holzikofenweg 36,true,Bern,mle,3007,,,base.ch,Swisslux AG,,contact,,TRUE,,de_DE,+41 31 3233782,,+41 31 3226511,90178,true,Europe/Zurich,false,0,,TRUE,none,,scenario.account_payment_term_30dn,product.list0,1100,2000,stock.stock_location_suppliers,,,FALSE,,FALSE,slx_region_-2144060013,,,,,,,0,,Bundesamt für Bauten und Logistik BBL,,,,
partner_90183,no-message,,FALSE,Flüelastrasse 12,true,Zürich,,8048,,,base.ch,Swisslux AG,,contact,,TRUE,www.brieger.ch,de_DE,+41 44 9473222,,+41 44 4973232,90183,true,Europe/Zurich,false,0,,TRUE,none,,scenario.account_payment_term_30dn,product.list0,1100,2000,stock.stock_location_suppliers,,,FALSE,,FALSE,slx_region_-2144060003,,8010,,,,,0,,Brieger Verpackungen AG,,,,
partner_90195,warning,"
Achtung: Fax-Problem.......Bestellungen per E-Mail senden !!!!




",FALSE,Werkstrasse 17,true,Wetzikon,rhu,8622,,,base.ch,Swisslux AG,,contact,info@pege.ch,TRUE,www.pege.ch,de_DE,+41 44 9302203,,+41 44 9301700,90195,true,Europe/Zurich,false,0,,TRUE,none,,scenario.account_payment_term_30dn,product.list0,1100,2000,stock.stock_location_suppliers,,,FALSE,,FALSE,slx_region_-2144060038,567,8622,,,,,0,,PeGe Werbetechnik AG,,,,
partner_90199,no-message,,FALSE,Reinigungen und Unterhalt,true,Pfäffikon ZH,,8330,,,base.ch,Swisslux AG,,contact,,TRUE,,de_DE,,Dorfstrasse 31,+41 44 9500532,90199,true,Europe/Zurich,false,0,+41 79 2167222,TRUE,none,,scenario.account_payment_term_30dn,product.list0,1100,2000,stock.stock_location_suppliers,,,FALSE,,FALSE,slx_region_-2144060038,,,,,,,0,,Richi Keel,,,,
partner_90215,no-message,,FALSE,Messepl. 1,true,Basel,,4058,,,base.ch,Swisslux AG,,contact,messe@messebasel.ch,TRUE,www.messebasel.ch,de_DE,+41 61 6862194,,+41 61 6862020,90215,true,Europe/Zurich,false,0,,TRUE,none,,scenario.account_payment_term_30dn,product.list0,1100,2000,stock.stock_location_suppliers,,,FALSE,,FALSE,slx_region_-2144060004,,4005,,,,,0,,MCH Messe Basel AG,,,,
partner_90216,no-message,,FALSE,Hasenweg 10,true,Greifensee,,8606,,,base.ch,Swisslux AG,,contact,info@promo.ch,TRUE,www.promo.ch,de_DE,+41 44 9401805,,+41 44 9406134,90216,true,Europe/Zurich,false,0,,TRUE,none,,scenario.account_payment_term_30dn,product.list0,1100,2000,stock.stock_location_suppliers,,,FALSE,,FALSE,slx_region_-2144060038,10,8606,,,,,0,,FEP Line GmbH,,,,
partner_90220,no-message,,FALSE,und Verwaltungs AG,true,Schlieren,,8952,,,base.ch,Swisslux AG,,contact,wohntraum@limmatag.ch,TRUE,,de_DE,+41 44 7557170,Schulstrasse 2,+41 44 7557171,90220,true,Europe/Zurich,false,0,,TRUE,none,,,product.list0,1100,2000,stock.stock_location_suppliers,,,FALSE,,FALSE,slx_region_-2144060021,,,,,,,0,,Limmat Bau- / Treuhand- ,,,,
partner_90224,no-message,,FALSE,Hardturmstrasse 201,true,Zürich,,8021,,,base.ch,Swisslux AG,,contact,,TRUE,www.viseca.ch,de_DE,+41 44 2008406,,+41 44 2008401,90224,true,Europe/Zurich,false,0,,TRUE,none,,,product.list0,1100,2000,stock.stock_location_suppliers,,,FALSE,,FALSE,slx_region_-2144060003,,,,,,,0,,VISECA Card Services AG,,,,
partner_90231,no-message,,FALSE,Glattalstrasse 521,true,Rümlang,,8153,,,base.ch,Swisslux AG,,contact,,TRUE,www.hager-tehalit.ch,de_DE,+41 44 8177175,,+41 44 8177171,90231,true,Europe/Zurich,false,0,,TRUE,none,,,product.list0,1100,2000,stock.stock_location_suppliers,scenario.partner_category_4,,FALSE,,FALSE,slx_region_-2144059992,277,8153,,,,,0,,Hager AG,,,,
partner_90233,no-message,,FALSE,Erlenstrasse 35 a,true,Brügg b. Biel,mle,2555,,,base.ch,Swisslux AG,,contact,mail@precimation.ch,TRUE,,de_DE,+41 32 3666990,,+41 32 3666999,90233,true,Europe/Zurich,false,0,,TRUE,none,,scenario.account_payment_term_30dn,product.list0,1100,2000,stock.stock_location_suppliers,,,FALSE,,FALSE,slx_region_-2144060043,,2555,,,,,0,,Precimation AG,,,,
partner_90244,no-message,,FALSE,Stiftung für Wohnen und Arbeiten,true,Oetwil am See,rhu,8618,,,base.ch,Swisslux AG,,contact,spb@schloessli.ch,TRUE,,de_DE,+41 44 9298588,Bergstrasse 21,+41 44 9298502,90244,true,Europe/Zurich,false,0,,TRUE,none,,scenario.account_payment_term_30dn,product.list0,1100,2000,stock.stock_location_suppliers,,,FALSE,,FALSE,slx_region_-2144060038,113,8618,,,,,0,,Arbeitszentrum Sternwies,,,,
partner_90249,no-message,,FALSE,PostFinance,true,Altendorf,dla,8852,,,base.ch,Swisslux AG,,contact,,TRUE,,de_DE,,Zürcherstrasse 104,,90249,true,Europe/Zurich,false,0,,TRUE,none,,scenario.account_payment_term_30dn,product.list0,1100,2000,stock.stock_location_suppliers,,,FALSE,,FALSE,slx_region_-2144060003,,,,,,,0,,Die Schweizerische Post,,,,
partner_90265,no-message,,FALSE,Holzhausen,true,Oetwil am See,rhu,8618,,,base.ch,Swisslux AG,,contact,,TRUE,,de_DE,+41 44 9292084,,+41 44 9291147,90265,true,Europe/Zurich,false,0,,TRUE,none,,scenario.account_payment_term_30dn,product.list0,1100,2000,stock.stock_location_suppliers,,,FALSE,,FALSE,slx_region_-2144060038,,,,,,,0,,J. Grimm AG,,,,
partner_90266,no-message,,FALSE,Postfach,true,Zürich,,8021,,,base.ch,Swisslux AG,,contact,,TRUE,,de_DE,+41 44 8465881,,0800 66 88 66,90266,true,Europe/Zurich,false,0,,TRUE,none,,scenario.account_payment_term_30dn,product.list0,1100,2000,stock.stock_location_suppliers,,,FALSE,,FALSE,slx_region_-2144059992,,,,,,,0,,upc cablecom GmbH,,,,
partner_90280,no-message,,FALSE,Speerweg 3,true,Oetwil am See,rhu,8618,,,base.ch,Swisslux AG,,contact,,TRUE,,de_DE,,,+41 44 9291840,90280,true,Europe/Zurich,false,0,,TRUE,none,,scenario.account_payment_term_30dn,product.list0,1100,2000,stock.stock_location_suppliers,,,FALSE,,FALSE,slx_region_-2144060038,,,,,,,0,,Sanitär Fuchs,,,,
partner_90294,no-message,,FALSE,Dändlikon 8,true,Hombrechtikon,rhu,8634,,,base.ch,Swisslux AG,,contact,info@schreinereigraf.ch,TRUE,www.schreinereigraf.ch,de_DE,+41 55 2441438,,+41 55 2441488,90294,true,Europe/Zurich,false,0,,TRUE,none,,scenario.account_payment_term_30dn,product.list0,1100,2000,stock.stock_location_suppliers,,,FALSE,,FALSE,slx_region_-2144060038,,,,,,,0,,Schreinerei Graf AG,,,,
partner_90296,no-message,,FALSE,Optoelectronics GmbH,true,Solingen,,42699,,,base.de,Swisslux AG,,contact,info@zweibrueder.com,TRUE,,de_DE,+49 212 5948200,Kronenstrasse 5-7,+49 212 59480,90296,true,Europe/Zurich,false,0,,TRUE,none,,scenario.account_payment_term_30dn,product.list0,1100,2000,stock.stock_location_suppliers,,,FALSE,,FALSE,,,,,,,,0,,Zweibrüder,,,,
partner_90307,no-message,,FALSE,Brewster,true,NY,,10509,,,base.us,Swisslux AG,,contact,sales@sonin.com,TRUE,www.sonin.com,en_US,+1 845 2778154,,001 800 223 7511,90307,true,Europe/Zurich,false,0,,TRUE,none,,scenario.account_payment_term_00dnvz,product.list0,1100,2000,stock.stock_location_suppliers,,,FALSE,,FALSE,,,,,,,,0,,SONIN Inc.,,,,
partner_90329,no-message,,FALSE,Im Hanselmaa 18,true,Egg b. Zürich,rhu,8132,,,base.ch,Swisslux AG,,contact,electronics@rhyner.ch,TRUE,,de_DE,+41 44 986 38 33,,+41 44 986 38 00,90329,true,Europe/Zurich,false,0,,TRUE,none,,scenario.account_payment_term_30dn,product.list0,1100,2000,stock.stock_location_suppliers,,,FALSE,,FALSE,slx_region_-2144060016,,,,,,,0,,Rhyner Fachhandel AG,,,,
partner_90332,no-message,,FALSE,Poststelle,true,Oetwil am See,rhu,8618,,,base.ch,Swisslux AG,,contact,,TRUE,,de_DE,,Willikonerstrasse,+44 58 453 75 46,90332,true,Europe/Zurich,false,0,,TRUE,none,,scenario.account_payment_term_30dn,product.list0,1100,2000,stock.stock_location_suppliers,,,FALSE,,FALSE,slx_region_-2144060038,,,,,,,0,,Die Schweizerische Post,,,,
partner_90340,no-message,,FALSE,Industriestrasse 8,true,Oetwil am See,rhu,8618,,,base.ch,Swisslux AG,,contact,,TRUE,,de_DE,,,+41 44 9290872,90340,true,Europe/Zurich,false,0,,TRUE,none,,scenario.account_payment_term_30dn,product.list0,1100,2000,stock.stock_location_suppliers,,,FALSE,,FALSE,slx_region_-2144060038,,,,,,,0,,ChemDry Brunilla,,,,
partner_90342,no-message,,FALSE,Hauptstrasse 121a,true,Nidau,mle,2560,,,base.ch,Swisslux AG,,contact,info@classicline.ch,TRUE,,de_DE,+41 32 3312252,,+41 32 3312282,90342,true,Europe/Zurich,false,0,,TRUE,none,,scenario.account_payment_term_30dn,product.list0,1100,2000,stock.stock_location_suppliers,,,FALSE,,FALSE,slx_region_-2144060043,,,,,,,0,,ClassicLine IT GmbH,,,,
partner_90386,warning,"Bestellungen im Internet:
 
 Log-In: Swissluxag
 Passwort: standard





",FALSE,Gewerbestr. 5,true,Cham,dla,6330,,,base.ch,Swisslux AG,,contact,,TRUE,www.kaiserkraft.ch,de_DE,+41 41 747 10 20,,+41 41 747 10 10,90386,true,Europe/Zurich,false,0,,TRUE,none,,scenario.account_payment_term_30dn,product.list0,1100,2000,stock.stock_location_suppliers,,,FALSE,,FALSE,slx_region_-2144060039,,,,,,,0,,KAISER+KRAFT AG,,,,
partner_90389,no-message,,FALSE,Zürcherstrasse 2,true,Rapperswil SG,rhu,8640,,,base.ch,Swisslux AG,,contact,support@hostpoint.ch,TRUE,www.hostpoint.ch,de_DE,+41 55 220 04 09,,+41 55 220 04 04,90389,true,Europe/Zurich,false,0,,TRUE,none,,,product.list0,1100,2000,stock.stock_location_suppliers,,,FALSE,,FALSE,slx_region_-2144060016,,,,,,,0,,Hostpoint GmbH,,,,
partner_90397,no-message,,FALSE,Oberneuhofstrasse 5b,true,Baar,dla,6340,,,base.ch,Swisslux AG,,contact,prime.info@winoffice.ch,TRUE,,de_DE,+41 41 7698001,,+41 41 7698000,90397,true,Europe/Zurich,false,0,,TRUE,none,,scenario.account_payment_term_30dn,product.list0,1100,2000,stock.stock_location_suppliers,,,FALSE,,FALSE,slx_region_-2144060039,,,,,,,0,,Winoffice AG,,,,
partner_90408,no-message,,FALSE,Im Schlehert 20,true,Karlsruhe,rgl,76187,,,base.de,Swisslux AG,,contact,info@ios-mediensysteme.de,TRUE,,de_DE,+49 721 78159826,,+49 721 78159820,90408,true,Europe/Zurich,false,0,,TRUE,none,,scenario.account_payment_term_30dn,product.list0,1100,2000,stock.stock_location_suppliers,,,FALSE,,FALSE,slx_region_-2143786434,,,,,,,0,,IOS Mediensysteme GmbH,,,,
partner_90416,no-message,,FALSE,Esslingerstr. 2,true,Oetwil am See,rhu,8618,,,base.ch,Swisslux AG,,contact,,TRUE,,de_DE,+41 44 984 09 02,,+41 44 929 11 62,90416,true,Europe/Zurich,false,0,,TRUE,none,,scenario.account_payment_term_30dn,product.list0,1100,2000,stock.stock_location_suppliers,,,FALSE,,FALSE,slx_region_-2144060038,,,,,,,0,,Peter Werner Bäckerei-Konditorei,,,,
partner_90417,no-message,,FALSE,Reisebüro,true,Zürich,,8022,,,base.ch,Swisslux AG,,contact,info@polyglott.ch,TRUE,www.polyglott.ch,de_DE,+41 44 2126177,Strehlgasse 20,+41 44 2156800,90417,true,Europe/Zurich,false,0,,TRUE,none,,scenario.account_payment_term_30dn,product.list0,1100,2000,stock.stock_location_suppliers,,,FALSE,,FALSE,slx_region_-2144060003,,,,,,,0,,Polyglott Tours & Travel AG,,,,
partner_90424,no-message,,FALSE,Bernstrasse 28,true,Urtenen-Schönbühl,mle,3322,,,base.ch,Swisslux AG,,contact,,TRUE,www.eev.ch,de_DE,+41 31 3801015,,+41 31 3801010,90424,true,Europe/Zurich,false,0,,TRUE,none,,scenario.account_payment_term_30dn,product.list0,1100,2000,stock.stock_location_suppliers,,,FALSE,,FALSE,slx_region_-2144060013,546,3000,,,,,0,,Schweizerische Elektro-Einkaufs-Vereinigung / eev,,,,
partner_90436,no-message,,FALSE,Industriespritzwerk,true,Wetzikon ZH,,8620,,,base.ch,Swisslux AG,,contact,,TRUE,,de_DE,+41 44 932 59 90,Zürcherstrasse 55,+41 44 932 43 68,90436,true,Europe/Zurich,false,0,,TRUE,none,,scenario.account_payment_term_30dn,product.list0,1100,2000,stock.stock_location_suppliers,,,FALSE,,FALSE,slx_region_-2144060038,,,,,,,0,,R. Poltera,,,,
partner_90441,no-message,,FALSE,Schweiz. Lebensvers.- und Rentenanstalt,true,Zürich,,8002,,,base.ch,Swisslux AG,,contact,,TRUE,,de_DE,+41 43 2846311,General-Guisan-Quai 40,+41 43 2843311,90441,true,Europe/Zurich,false,0,,TRUE,none,,scenario.account_payment_term_30dn,product.list0,1100,2000,stock.stock_location_suppliers,,,FALSE,,FALSE,slx_region_-2144060003,,8022,,,,,0,,Swiss Life,,,,
partner_90442,no-message,,FALSE,Kaffeeweltstrasse 7,true,Niederbuchsiten,mle,4626,,,base.ch,Swisslux AG,,contact,,TRUE,,de_DE,+41 62 389 81 60,,+41 62 389 81 10,90442,true,Europe/Zurich,false,0,,TRUE,none,,scenario.account_payment_term_30dn,product.list0,1100,2000,stock.stock_location_suppliers,,,FALSE,,FALSE,slx_region_-2144060005,,,,,,,0,,Jura Vertrieb (Schweiz) AG,,,,
partner_90473,no-message,,FALSE,Salzweg 16,true,Miesbach,,83714,,,base.de,Swisslux AG,,contact,info@timerec.de,TRUE,www.timerec.de,de_DE,+49 8042 9789917,,+49 8042 9789915,90473,true,Europe/Zurich,false,0,,TRUE,none,,scenario.account_payment_term_30dn,product.list0,1100,2000,stock.stock_location_suppliers,,,FALSE,,FALSE,,,,,,,,0,,Timerec GbR,,,,
partner_90479,no-message,,FALSE,Möbelfabrikation,true,Amlikon,,8514,,,base.ch,Swisslux AG,,contact,info@zurbuchen.com,TRUE,www.zurbuchen.com,de_DE,+41 71 6526033,Fabrikstrasse 2,+41 71 6526030,90479,true,Europe/Zurich,false,0,,TRUE,none,,scenario.account_payment_term_30dn,product.list0,1100,2000,stock.stock_location_suppliers,,,FALSE,,FALSE,slx_region_-2142967384,,,,,,,0,,Zurbuchen Söhne AG,,,,
partner_90482,no-message,,FALSE,Merkurstrasse 45,true,Zürich,,8050,,,base.ch,Swisslux AG,,contact,sekretariat@g-n-i.ch,TRUE,www.g-n-i.ch,de_DE,+41 43 2449968,,+41 43 2449967,90482,true,Europe/Zurich,false,0,,TRUE,none,,scenario.account_payment_term_30dn,product.list0,1100,2000,stock.stock_location_suppliers,,,FALSE,,FALSE,slx_region_-2144060003,,,,,,,0,,GNI Gebäude Netzwerk Institut,,,,
partner_90491,no-message,,FALSE,Lerzenstr. 20,true,Dietikon,,8953,,,base.ch,Swisslux AG,,contact,,TRUE,www.sieber.ch,de_DE,+41 43 2554099,,+41 43 2554080,90491,true,Europe/Zurich,false,0,,TRUE,none,,scenario.account_payment_term_30dn,product.list0,1100,2000,stock.stock_location_suppliers,,,FALSE,,FALSE,slx_region_-2144060021,,,,,,,0,,Sieber Transport AG,,,,
partner_90523,no-message,,FALSE,In der Au 6,true,Winterthur,rhu,8401,,,base.ch,Swisslux AG,,contact,,TRUE,,de_DE,,,+41 52 2099191,90523,true,Europe/Zurich,false,0,,TRUE,none,,scenario.account_payment_term_30dn,product.list0,1100,2000,stock.stock_location_suppliers,,,FALSE,,FALSE,slx_region_-2144059995,2179,8406,Winterthur,,,,0,,OSRAM AG,,,,
partner_90540,no-message,,FALSE,Pfingstweidstr. 101,true,Zürich,dla,8005,,,base.ch,Swisslux AG,,contact,,TRUE,,de_DE,+41 44 2785886,,+41 44 2785111,90540,true,Europe/Zurich,false,0,,TRUE,none,,scenario.account_payment_term_30dn,product.list0,1100,2000,stock.stock_location_suppliers,,,FALSE,,FALSE,slx_region_-2144060003,,8080,,,,,0,,Genossenschaft Migros Zürich,,,,
partner_90547,no-message,,FALSE,Roosstrasse 53,true,Wollerau,dla,8832,,,base.ch,Swisslux AG,,contact,sales@conrad.ch,TRUE,,de_DE,+41 44 787 78 86,,+41 44 787 78 70,90547,true,Europe/Zurich,false,0,,TRUE,none,,scenario.account_payment_term_30dn,product.list0,1100,2000,stock.stock_location_suppliers,,,FALSE,,FALSE,slx_region_-2144060006,,8080,,,,,0,,Conrad Electronic AG,,,,
partner_90565,no-message,,FALSE,Zürichstrasse 59,true,Einsiedeln,dla,8840,,,base.ch,Swisslux AG,,contact,,TRUE,www.astorplast.ch,de_DE,+41 55 4187561,,+41 55 4187560,90565,true,Europe/Zurich,false,0,,TRUE,none,,scenario.account_payment_term_30dn,product.list0,1100,2000,stock.stock_location_suppliers,,,FALSE,,FALSE,slx_region_-2144060006,,,,,,,0,,ASTORplast AG,,,,
partner_90621,warning,"Online-Bestellung
Ihre Email: info@swisslux.ch
Ihr Passwort. Swisslux\f1\fs17





",FALSE,Chemin Messidor 5,true,Lausanne,,1006,,,base.ch,Swisslux AG,,contact,,TRUE,www.nespresso.com,fr_FR,0800 88 82 83,,0800 55 52 53,90621,true,Europe/Zurich,false,0,,TRUE,none,,scenario.account_payment_term_30dn,product.list0,1100,2000,stock.stock_location_suppliers,,,FALSE,,FALSE,slx_region_-2144060037,,,,,,,0,,Nestlé Nespresso S.A.,,,,
partner_90669,no-message,,FALSE,Mönchaltorferstrasse 8,true,Egg b. Zürich,rhu,8132,,,base.ch,Swisslux AG,,contact,papeterie.mueller@bluewin.ch,TRUE,,de_DE,,,+41 44 9841055,90669,true,Europe/Zurich,false,0,,TRUE,none,,scenario.account_payment_term_30dn,product.list0,1100,2000,stock.stock_location_suppliers,,,FALSE,,FALSE,slx_region_-2144060016,,,,,,,0,,Papeterie Müller,,,,
partner_90682,no-message,,FALSE,Eichbühlstrasse 21,true,Oetwil am See,rhu,8618,,,base.ch,Swisslux AG,,contact,info@eichbühl.ch,TRUE,,de_DE,+41 44 929 26 63,,+41 44 929 26 62,90682,true,Europe/Zurich,false,0,,TRUE,none,,scenario.account_payment_term_30dn,product.list0,1100,2000,stock.stock_location_suppliers,,,FALSE,,FALSE,slx_region_-2144060038,,,,,,,0,,Garage Eichbühl,,,,
partner_90689,no-message,,FALSE,Werdstrasse 24,true,Heiden,,9410,,,base.ch,Swisslux AG,,contact,info@biberbeck.ch,TRUE,www.biberbeck.ch,de_DE,,,+41 71 8911778,90689,true,Europe/Zurich,false,0,,TRUE,none,,scenario.account_payment_term_30dn,product.list0,1100,2000,stock.stock_location_suppliers,,,FALSE,,FALSE,slx_region_-2142967379,,,,,,,0,,Bäckerei Konditorei Rohner,,,,
partner_90694,no-message,,FALSE,Hinterbergstrasse 11,true,Cham,dla,6330,,,base.ch,Swisslux AG,,contact,info@tokra-gmbh.ch,TRUE,www.tokra-gmbh.ch,de_DE,+41 41 7416566,,+41 41 7416565,90694,true,Europe/Zurich,false,0,,TRUE,none,,scenario.account_payment_term_30dn,product.list0,1100,2000,stock.stock_location_suppliers,,,FALSE,,FALSE,slx_region_-2144060039,,,,,,,0,,ToKra GmbH,,,,
partner_90696,no-message,,FALSE,Zürcherstrasse 499,true,St. Gallen,,9015,,,base.ch,Swisslux AG,,contact,,TRUE,,de_DE,,,+41 71 3100333,90696,true,Europe/Zurich,false,0,,TRUE,none,,scenario.account_payment_term_30dn,product.list0,1100,2000,stock.stock_location_suppliers,,,FALSE,,FALSE,slx_region_-2142967379,,,,,,,0,,Bäckerei - Konditorei Moor,,,,
partner_90699,no-message,,FALSE,auto tcs,true,Basel,,4002,,,base.ch,Swisslux AG,,contact,,TRUE,,de_DE,,,,90699,true,Europe/Zurich,false,0,,TRUE,none,,scenario.account_payment_term_30dn,product.list0,1100,2000,stock.stock_location_suppliers,,,FALSE,,FALSE,slx_region_-2144060004,,,,,,,0,,Basler Versicherungs-Gesellschaft,,,,
partner_90713,no-message,,FALSE,Dornacherstrasse 377,true,Basel,rhu,4053,,,base.ch,Swisslux AG,,contact,,TRUE,,de_DE,+41 61 3330772,,+41 61 3330770,90713,true,Europe/Zurich,false,0,,TRUE,none,,scenario.account_payment_term_30dn,product.list0,1100,2000,stock.stock_location_suppliers,,,FALSE,,FALSE,slx_region_-2144060004,Postfach,4018,,,,,0,,Relux Informatik AG,,,,
partner_90719,no-message,,FALSE,Steinerstr. 37,true,Bern,mle,3006,,,base.ch,Swisslux AG,,contact,info@mkr.ch,TRUE,www.mkr.ch,de_DE,+41 31 3504051,,+41 31 3504050,90719,true,Europe/Zurich,false,0,,TRUE,none,,scenario.account_payment_term_30dn,product.list0,1100,2000,stock.stock_location_suppliers,,,FALSE,,FALSE,slx_region_-2144060013,,,,,,,0,,MKR Consulting AG,,,,
partner_90722,warning,"
{\rtf1\deff0\nouicompat\splytwnine\htmautsp\plain\ql{\lang2055\langfe205



",FALSE,Carmenstrasse 28,true,Zürich,,8032,,,base.ch,Swisslux AG,,contact,,TRUE,,de_DE,,,+41 44 2546900,90722,true,Europe/Zurich,false,0,,TRUE,none,,scenario.account_payment_term_30dn,product.list0,1100,2000,stock.stock_location_suppliers,,,FALSE,,FALSE,slx_region_-2144060003,,,,,,,0,,JobCloud AG,,,,
partner_90723,warning,"Benutzer Name: 2284563
PW: \lang2055\f1\fs24 xa7200
\lang1031\f0\fs17




",FALSE,,true,Zürich-Mülligen,,8010,,,base.ch,Swisslux AG,,contact,,TRUE,,de_DE,0800 485 485,,0800 484 484,90723,true,Europe/Zurich,false,0,,TRUE,none,,scenario.account_payment_term_30dn,product.list0,1100,2000,stock.stock_location_suppliers,,,FALSE,,FALSE,slx_region_-2144060003,,8010,,,,,0,,Lyreco AG,,,,
partner_90731,no-message,,FALSE,Kunststoffwerk/Werkzeugbau,true,Euthal,dla,8844,,,base.ch,Swisslux AG,,contact,info@silac.ch,TRUE,www.silac.ch,de_DE,+41 55 418 44 01,Euthalerstrasse 40,+41 55 418 44 00,90731,true,Europe/Zurich,false,0,,TRUE,none,,scenario.account_payment_term_30dn,product.list0,1100,2000,stock.stock_location_suppliers,,,FALSE,,FALSE,slx_region_-2144060006,,,,,,,0,,SILAC AG,,,,
partner_90752,no-message,,FALSE,Steinerstrasse 37,true,Bern,mle,3006,,,base.ch,Swisslux AG,,contact,info@minergie.ch,TRUE,www.minergie.ch,de_DE,+41 31 3504051,,+41 31 3504060,90752,true,Europe/Zurich,false,0,,TRUE,none,,scenario.account_payment_term_30dn,product.list0,1100,2000,stock.stock_location_suppliers,,,FALSE,,FALSE,slx_region_-2144060013,,,,,,,0,,Geschäftsstelle Minergie,,,,
partner_90753,no-message,,FALSE,Erlenweg 12,true,Bennau,dla,8836,,,base.ch,Swisslux AG,,contact,,TRUE,www.zehnder-telematik.ch,de_DE,+41 55 4221556,,+41 55 4221555,90753,true,Europe/Zurich,false,0,,TRUE,none,,scenario.account_payment_term_30dn,product.list0,1100,2000,stock.stock_location_suppliers,,,FALSE,,FALSE,slx_region_-2144060006,,,,,,,0,,Zehnder Telematik GmbH,,,,
partner_90769,no-message,,FALSE,Heimiswilstrasse 18,true,Burgdorf,mle,3400,,,base.ch,Swisslux AG,,contact,shm@shm.ch,TRUE,,de_DE,+41 34 4477374,,+41 34 4477373,90769,true,Europe/Zurich,false,0,,TRUE,none,,scenario.account_payment_term_30dn,product.list0,1100,2000,stock.stock_location_suppliers,,,FALSE,,FALSE,slx_region_-2144060047,172,3402,Burgdorf,,,,0,,SH Messebau AG,,,,
partner_99901,no-message,,FALSE,Eggenbergstrasse 16,true,Aesch,rhu,8127,,,base.ch,Swisslux AG,,contact,,TRUE,,de_DE,043 844 80 83,,+41 44 9419229,99901,true,Europe/Zurich,false,0,,TRUE,none,scenario.account_payment_term_30dn10d3s,,product.list0,1100,2000,stock.stock_location_suppliers,scenario.partner_category_3,,TRUE,12345678,TRUE,slx_region_-2144060016,,,,,,,1,,Glauser René,,,,
